year,location_id,team_id,wins,losses,ties,win_loss_percentage,super_bowl_champion,points_scored,opponent_points_scored,points_scored_difference,DSRS,MoV,OSRS,SRS,SoS
2022,1,1000,4,6,0,0.4,0,230,258,-28,-3,-2.8,-0.7,-3.6,-0.8
2022,2,1001,4,6,0,0.4,0,232,250,-18,-4.1,-1.8,0.1,-4,-2.2
2022,3,1002,6,3,0,0.667,0,235,196,39,1.4,4.3,6.2,7.6,3.2
2022,4,1003,6,3,0,0.667,0,250,151,99,6.3,11,6.9,13.2,2.2
2022,5,1004,3,7,0,0.3,0,204,243,-39,-3.5,-3.9,-2.3,-5.9,-2
2022,6,1005,3,7,0,0.3,0,217,247,-30,-2.8,-3,0.8,-2.1,0.9
2022,7,1006,5,4,0,0.556,0,228,185,43,2.4,4.8,2.9,5.4,0.6
2022,8,1007,3,6,0,0.333,0,217,238,-21,-3.9,-2.3,2.2,-1.6,0.7
2022,9,1008,6,3,0,0.667,0,211,164,47,3.2,5.2,2,5.1,-0.1
2022,10,1009,3,6,0,0.333,0,131,149,-18,4.1,-2,-8,-3.9,-1.9
2022,11,1010,3,6,0,0.333,0,219,264,-45,-5.9,-5,3.3,-2.6,2.4
2022,12,1011,4,6,0,0.4,0,185,216,-31,1.2,-3.1,-1.5,-0.3,2.8
2022,13,1012,1,7,1,0.167,0,149,207,-58,-2.6,-6.4,-5.3,-7.8,-1.4
2022,14,1013,4,5,1,0.45,0,157,203,-46,0.4,-4.6,-5.7,-5.2,-0.6
2022,15,1014,3,7,0,0.3,0,216,205,11,-0.2,1.1,-0.5,-0.7,-1.8
2022,16,1015,7,2,0,0.778,0,270,206,64,-2.3,7.1,8.5,6.2,-0.9
2022,17,1016,2,7,0,0.222,0,203,226,-23,-4.9,-2.6,-0.1,-5,-2.5
2022,18,1017,5,4,0,0.556,0,200,228,-28,-3.5,-3.1,-1.2,-4.7,-1.6
2022,18,1018,3,6,0,0.333,0,148,200,-52,-1,-5.8,-5.1,-6.1,-0.3
2022,19,1019,7,3,0,0.7,0,252,241,11,0.1,1.1,4.1,4.2,3.1
2022,20,1020,8,1,0,0.889,0,226,191,35,2.4,3.9,3,5.4,1.6
2022,21,1021,5,4,0,0.556,0,203,166,37,4.3,4.1,0.2,4.5,0.4
2022,22,1022,3,7,0,0.3,0,222,247,-25,-2.7,-2.5,-0.6,-3.3,-0.8
2022,23,1023,7,2,0,0.778,0,187,173,14,2.5,1.6,-1.8,0.7,-0.8
2022,23,1024,6,3,0,0.667,0,196,176,20,3.2,2.2,1.6,4.8,2.6
2022,24,1025,8,1,0,0.889,0,246,167,79,2.4,8.8,5.1,7.5,-1.2
2022,25,1026,3,6,0,0.333,0,140,207,-67,1,-7.4,-4.4,-3.4,4
2022,26,1027,5,4,0,0.556,0,198,163,35,2.9,3.9,-1.8,1.1,-2.8
2022,27,1028,6,4,0,0.6,0,257,241,16,-3.6,1.6,3.2,-0.5,-2.1
2022,28,1029,5,5,0,0.5,0,183,180,3,4.3,0.3,-4.8,-0.6,-0.9
2022,29,1030,6,3,0,0.667,0,166,168,-2,1.8,-0.2,-2.7,-0.9,-0.7
2022,30,1031,5,5,0,0.5,0,191,213,-22,1.5,-2.2,-2.3,-0.8,1.4
2021,1,1000,11,6,0,0.647,0,449,366,83,1.6,4.9,3.6,5.2,0.3
2021,2,1001,7,10,0,0.412,0,313,459,-146,-4.3,-8.6,-4.2,-8.5,0.1
2021,3,1002,8,9,0,0.471,0,387,392,-5,0,-0.3,-0.3,-0.3,0
2021,4,1003,11,6,0,0.647,0,483,289,194,4.8,11.4,5,9.8,-1.6
2021,5,1004,5,12,0,0.294,0,304,404,-100,-0.5,-5.9,-5,-5.5,0.4
2021,6,1005,6,11,0,0.353,0,311,407,-96,-0.3,-5.6,-4.9,-5.2,0.5
2021,7,1006,10,7,0,0.588,0,460,376,84,-0.3,4.9,3.4,3.1,-1.9
2021,8,1007,8,9,0,0.471,0,349,371,-22,1.3,-1.3,-2.7,-1.3,0
2021,9,1008,12,5,0,0.706,0,530,358,172,1.7,10.1,8.2,9.9,-0.2
2021,10,1009,7,10,0,0.412,0,335,322,13,4.2,0.8,-4.7,-0.5,-1.3
2021,11,1010,3,13,1,0.206,0,325,467,-142,-4.3,-8.4,-3.5,-7.8,0.6
2021,12,1011,13,4,0,0.765,0,450,371,79,1,4.6,3.5,4.4,-0.2
2021,13,1012,4,13,0,0.235,0,280,452,-172,-3.4,-10.1,-6.3,-9.7,0.4
2021,14,1013,9,8,0,0.529,0,451,365,86,1.1,5.1,3.3,4.4,-0.6
2021,15,1014,3,14,0,0.176,0,253,457,-204,-3.7,-12,-7.7,-11.4,0.6
2021,16,1015,12,5,0,0.706,0,480,364,116,2,6.8,5.4,7.4,0.6
2021,17,1016,10,7,0,0.588,0,374,439,-65,-2.6,-3.8,-0.7,-3.3,0.6
2021,18,1017,9,8,0,0.529,0,474,459,15,-4.2,0.9,5.3,1.1,0.2
2021,18,1018,12,5,0,0.706,1,460,372,88,1.1,5.2,4.2,5.3,0.1
2021,19,1019,9,8,0,0.529,0,341,373,-32,0.3,-1.9,-3.1,-2.7,-0.8
2021,20,1020,8,9,0,0.471,0,425,426,-1,-1.6,-0.1,1.9,0.3,0.3
2021,21,1021,10,7,0,0.588,0,462,303,159,4.8,9.4,3.6,8.5,-0.9
2021,22,1022,9,8,0,0.529,0,364,335,29,3.6,1.7,-1.5,2,0.3
2021,23,1023,4,13,0,0.235,0,258,416,-158,-0.6,-9.3,-7.7,-8.3,1
2021,23,1024,4,13,0,0.235,0,310,504,-194,-6.7,-11.4,-3.6,-10.4,1
2021,24,1025,9,8,0,0.529,0,444,385,59,-0.1,3.5,2.6,2.5,-1
2021,25,1026,9,7,1,0.559,0,343,398,-55,0.1,-3.2,-2.6,-2.5,0.8
2021,26,1027,10,7,0,0.588,0,427,365,62,1.9,3.6,1.8,3.8,0.1
2021,27,1028,7,10,0,0.412,0,395,366,29,1.5,1.7,0.4,1.9,0.2
2021,28,1029,13,4,0,0.765,0,511,353,158,1.3,9.3,7.3,8.6,-0.7
2021,29,1030,12,5,0,0.706,0,419,354,65,1.6,3.8,1.8,3.4,-0.4
2021,30,1032,7,10,0,0.412,0,335,434,-99,-1.5,-5.8,-2.7,-4.2,1.6
2020,1,1000,8,8,0,0.5,0,410,367,43,1,2.7,1.5,2.6,-0.1
2020,2,1001,4,12,0,0.25,0,396,414,-18,0.8,-1.1,-0.1,0.7,1.9
2020,3,1002,11,5,0,0.688,0,468,303,165,4.3,10.3,3.9,8.3,-2
2020,4,1003,13,3,0,0.813,0,501,375,126,0.6,7.9,7.1,7.7,-0.2
2020,5,1004,5,11,0,0.313,0,350,402,-52,1.3,-3.3,-2.4,-1.1,2.2
2020,6,1005,8,8,0,0.5,0,372,370,2,2.4,0.1,-2.2,0.2,0.1
2020,7,1006,4,11,1,0.281,0,311,424,-113,-2.1,-7.1,-5.4,-7.5,-0.4
2020,8,1007,11,5,0,0.688,0,408,419,-11,-2.8,-0.7,0.3,-2.6,-1.9
2020,9,1008,6,10,0,0.375,0,395,473,-78,-6.1,-4.9,1,-5.1,-0.2
2020,10,1009,5,11,0,0.313,0,323,446,-123,-1.7,-7.7,-4.3,-6,1.7
2020,11,1010,5,11,0,0.313,0,377,519,-142,-6.7,-8.9,-1,-7.7,1.2
2020,12,1011,13,3,0,0.813,0,509,369,140,1.8,8.8,5.9,7.7,-1.1
2020,13,1012,4,12,0,0.25,0,384,464,-80,-4.1,-5,-1.4,-5.5,-0.5
2020,14,1013,11,5,0,0.688,0,451,362,89,1.6,5.6,1.2,2.8,-2.8
2020,15,1014,1,15,0,0.063,0,306,492,-186,-5.3,-11.6,-6.5,-11.7,-0.1
2020,16,1015,14,2,0,0.875,0,473,362,111,2.3,6.9,4.5,6.8,-0.1
2020,17,1016,8,8,0,0.5,0,434,478,-44,-4.9,-2.8,2.9,-2,0.8
2020,18,1017,7,9,0,0.438,0,384,426,-42,-2,-2.6,-1,-2.9,-0.3
2020,18,1018,10,6,0,0.625,0,372,296,76,6.2,4.8,-0.8,5.4,0.7
2020,19,1019,10,6,0,0.625,0,404,338,66,2.7,4.1,0.3,3,-1.2
2020,20,1020,7,9,0,0.438,0,430,475,-45,-3.8,-2.8,1.3,-2.4,0.4
2020,21,1021,7,9,0,0.438,0,326,353,-27,3.2,-1.7,-4.2,-1,0.7
2020,22,1022,12,4,0,0.75,0,482,337,145,4.5,9.1,5.1,9.6,0.5
2020,23,1023,6,10,0,0.375,0,280,357,-77,2.3,-4.8,-6.7,-4.4,0.4
2020,23,1024,2,14,0,0.125,0,243,457,-214,-2.8,-13.4,-8.7,-11.5,1.9
2020,24,1025,4,11,1,0.281,0,334,418,-84,-1.6,-5.3,-2.8,-4.4,0.8
2020,25,1026,12,4,0,0.75,0,416,312,104,4.4,6.5,0.3,4.7,-1.8
2020,26,1027,6,10,0,0.375,0,376,390,-14,0.7,-0.9,0.2,0.8,1.7
2020,27,1028,12,4,0,0.75,0,459,371,88,0.7,5.5,4.8,5.5,0
2020,28,1029,11,5,0,0.688,1,492,355,137,2.8,8.6,6.5,9.4,0.8
2020,29,1030,11,5,0,0.688,0,491,439,52,-3.1,3.3,4.7,1.6,-1.7
2020,30,1032,7,9,0,0.438,0,335,329,6,3.2,0.4,-4.1,-0.8,-1.2
2019,1,1000,5,10,1,0.344,0,361,442,-81,-2.9,-5.1,-0.3,-3.2,1.8
2019,2,1001,7,9,0,0.438,0,381,399,-18,-0.4,-1.1,0.3,-0.1,1.1
2019,3,1002,14,2,0,0.875,0,531,282,249,4.7,15.6,11,15.6,0.1
2019,4,1003,10,6,0,0.625,0,314,259,55,5.7,3.4,-3.5,2.2,-1.3
2019,5,1004,5,11,0,0.313,0,340,470,-130,-5.1,-8.1,-1.9,-7,1.1
2019,6,1005,8,8,0,0.5,0,280,298,-18,4.5,-1.1,-5.4,-0.9,0.2
2019,7,1006,2,14,0,0.125,0,279,420,-141,-2.9,-8.8,-4.4,-7.3,1.5
2019,8,1007,6,10,0,0.375,0,335,393,-58,-1.5,-3.6,-0.4,-1.9,1.7
2019,9,1008,8,8,0,0.5,0,434,321,113,1.5,7.1,3.8,5.3,-1.8
2019,10,1009,7,9,0,0.438,0,282,316,-34,2.7,-2.1,-4.8,-2.1,0
2019,11,1010,3,12,1,0.219,0,341,423,-82,-4,-5.1,-1.2,-5.2,-0.1
2019,12,1011,13,3,0,0.813,0,376,313,63,2.6,3.9,0.6,3.2,-0.7
2019,13,1012,10,6,0,0.625,0,378,385,-7,-0.5,-0.4,1,0.5,1
2019,14,1013,7,9,0,0.438,0,361,373,-12,-0.8,-0.8,-1,-1.8,-1.1
2019,15,1014,6,10,0,0.375,0,300,397,-97,-2.1,-6.1,-4.6,-6.7,-0.6
2019,16,1015,12,4,0,0.75,1,451,308,143,2.9,8.9,6.2,9.1,0.2
2019,18,1017,5,11,0,0.313,0,337,345,-8,0.3,-0.5,-1.6,-1.3,-0.8
2019,18,1018,9,7,0,0.563,0,394,364,30,1.7,1.9,2.2,3.9,2
2019,19,1019,5,11,0,0.313,0,306,494,-188,-9.1,-11.8,-2.4,-11.6,0.2
2019,20,1020,10,6,0,0.625,0,407,303,104,2.9,6.5,2.5,5.4,-1.1
2019,21,1021,12,4,0,0.75,0,420,225,195,7.6,12.2,2.8,10.4,-1.8
2019,22,1022,13,3,0,0.813,0,458,341,117,2.3,7.3,5,7.4,0
2019,23,1023,4,12,0,0.25,0,341,451,-110,-6.1,-6.9,-1.8,-7.9,-1
2019,23,1024,7,9,0,0.438,0,276,359,-83,-0.6,-5.2,-5.7,-6.3,-1.1
2019,31,1033,7,9,0,0.438,0,313,419,-106,-4.4,-6.6,-2.5,-6.9,-0.3
2019,24,1025,9,7,0,0.563,0,385,354,31,-0.4,1.9,0.7,0.3,-1.7
2019,25,1026,8,8,0,0.5,0,289,303,-14,4.6,-0.9,-4.3,0.3,1.2
2019,26,1027,13,3,0,0.813,0,479,310,169,4.3,10.6,6.7,11,0.4
2019,27,1028,11,5,0,0.688,0,405,398,7,-0.2,0.4,2.9,2.7,2.3
2019,28,1029,7,9,0,0.438,0,458,449,9,-4.5,0.6,4.9,0.4,-0.2
2019,29,1030,9,7,0,0.563,0,402,331,71,1.7,4.4,1.8,3.4,-1
2019,30,1034,3,13,0,0.188,0,266,435,-169,-4.5,-10.6,-6.3,-10.8,-0.2
2018,1,1000,3,13,0,0.188,0,225,425,-200,-1.9,-12.5,-9.6,-11.5,1
2018,2,1001,7,9,0,0.438,0,414,423,-9,-2.6,-0.6,2.5,-0.1,0.4
2018,3,1002,10,6,0,0.625,0,389,287,102,6.4,6.4,0.6,7,0.6
2018,4,1003,6,10,0,0.375,0,269,374,-105,-0.6,-6.6,-6.3,-6.9,-0.3
2018,5,1004,7,9,0,0.438,0,376,382,-6,0.8,-0.4,0.1,0.9,1.3
2018,6,1005,12,4,0,0.75,0,421,283,138,4.8,8.6,1.5,6.3,-2.3
2018,7,1006,6,10,0,0.375,0,368,455,-87,-3.4,-5.4,0,-3.4,2
2018,8,1007,7,8,1,0.469,0,359,392,-33,0.6,-2.1,-1,-0.3,1.7
2018,9,1008,10,6,0,0.625,0,339,324,15,2.9,0.9,-1.9,1.1,0.2
2018,10,1009,6,10,0,0.375,0,329,349,-20,3.1,-1.3,-3.6,-0.5,0.7
2018,11,1010,6,10,0,0.375,0,324,360,-36,0.3,-2.3,-3.3,-3,-0.8
2018,12,1011,6,9,1,0.406,0,376,400,-24,-2.7,-1.5,0,-2.7,-1.2
2018,13,1012,11,5,0,0.688,0,402,316,86,1.4,5.4,2.4,3.8,-1.5
2018,14,1013,10,6,0,0.625,0,433,344,89,-0.6,5.6,3.9,3.4,-2.2
2018,15,1014,5,11,0,0.313,0,245,316,-71,4,-4.4,-8.1,-4,0.4
2018,16,1015,12,4,0,0.75,0,565,421,144,-3.8,9,12.6,8.9,-0.1
2018,18,1017,12,4,0,0.75,0,428,329,99,2.9,6.2,3,6,-0.2
2018,18,1018,13,3,0,0.813,0,527,384,143,-1.1,8.9,9.5,8.5,-0.4
2018,19,1019,7,9,0,0.438,0,319,433,-114,-5.2,-7.1,-3.6,-8.8,-1.7
2018,20,1020,8,7,1,0.531,0,360,341,19,1.8,1.2,-1.2,0.6,-0.6
2018,21,1021,11,5,0,0.688,1,436,325,111,2.1,6.9,3.1,5.2,-1.8
2018,22,1022,13,3,0,0.813,0,504,353,151,2.2,9.4,7.9,10.1,0.6
2018,23,1023,5,11,0,0.313,0,369,412,-43,-2.9,-2.7,0.8,-2.2,0.5
2018,23,1024,4,12,0,0.25,0,333,441,-108,-5.9,-6.8,-2,-7.8,-1.1
2018,31,1033,4,12,0,0.25,0,290,467,-177,-4.1,-11.1,-5.2,-9.3,1.8
2018,24,1025,9,7,0,0.563,0,367,348,19,1.8,1.2,0,1.7,0.5
2018,25,1026,9,6,1,0.594,0,428,360,68,1.7,4.3,3.9,5.6,1.3
2018,26,1027,4,12,0,0.25,0,342,435,-93,-3.1,-5.8,-2.5,-5.5,0.3
2018,27,1028,10,6,0,0.625,0,428,347,81,1.5,5.1,3,4.5,-0.6
2018,28,1029,5,11,0,0.313,0,396,464,-68,-4.6,-4.3,2,-2.6,1.7
2018,29,1030,9,7,0,0.563,0,310,303,7,3.5,0.4,-3.2,0.2,-0.2
2018,30,1034,7,9,0,0.438,0,281,359,-78,0.6,-4.9,-5.6,-4.9,-0.1
2017,1,1000,8,8,,0.5,0,295,361,-66,0.2,-4.1,-4,-3.7,0.4
2017,2,1001,10,6,,0.625,0,353,315,38,3.2,2.4,1.1,4.3,1.9
2017,3,1002,9,7,,0.563,0,395,303,92,1.2,5.8,2.2,3.4,-2.4
2017,4,1003,9,7,,0.563,0,302,359,-57,-1,-3.6,-3,-4,-0.5
2017,5,1004,11,5,,0.688,0,363,327,36,2.7,2.3,1.7,4.3,2.1
2017,6,1005,5,11,,0.313,0,264,320,-56,3.3,-3.5,-4.6,-1.3,2.2
2017,7,1006,7,9,,0.438,0,290,349,-59,-0.9,-3.7,-4.1,-5,-1.3
2017,8,1007,0,16,,0,0,234,410,-176,-4.1,-11,-6.8,-11,0
2017,9,1008,9,7,,0.563,0,354,332,22,1.2,1.4,0.4,1.6,0.2
2017,10,1009,5,11,,0.313,0,289,382,-93,-2.9,-5.8,-3.9,-6.7,-0.9
2017,11,1010,9,7,,0.563,0,410,376,34,-2.5,2.1,5.2,2.7,0.6
2017,12,1011,7,9,,0.438,0,320,384,-64,-1.6,-4,-0.3,-1.9,2.1
2017,13,1012,4,12,,0.25,0,338,436,-98,-5.6,-6.1,-0.8,-6.4,-0.3
2017,14,1013,4,12,,0.25,0,263,404,-141,-4,-8.8,-6.1,-10.1,-1.3
2017,15,1014,10,6,,0.625,0,417,268,149,3.6,9.3,3,6.5,-2.8
2017,16,1015,10,6,,0.625,0,415,339,76,-0.3,4.8,3.8,3.4,-1.3
2017,18,1017,9,7,,0.563,0,355,272,83,4,5.2,-0.3,3.6,-1.5
2017,18,1018,11,5,,0.688,0,478,329,149,1,9.3,8.2,9.2,-0.2
2017,19,1019,6,10,,0.375,0,281,393,-112,-2.4,-7,-3.9,-6.3,0.7
2017,20,1020,13,3,,0.813,0,382,252,130,6.8,8.1,2.3,9.1,1
2017,21,1021,13,3,,0.813,0,458,296,162,2.6,10.1,6.3,8.9,-1.2
2017,22,1022,11,5,,0.688,0,448,326,122,2.2,7.6,7,9.2,1.5
2017,23,1023,3,13,,0.188,0,246,388,-142,-1.2,-8.9,-6.4,-7.6,1.3
2017,23,1024,5,11,,0.313,0,298,382,-84,-2.1,-5.3,-2.9,-4.9,0.3
2017,31,1033,6,10,,0.375,0,301,373,-72,-1.8,-4.5,-3,-4.7,-0.2
2017,24,1025,13,3,,0.813,1,457,295,162,2.5,10.1,7,9.4,-0.7
2017,25,1026,13,3,,0.813,0,406,308,98,1.8,6.1,3.2,5,-1.1
2017,26,1027,6,10,,0.375,0,331,383,-52,-2.1,-3.3,-0.8,-2.9,0.4
2017,27,1028,9,7,,0.563,0,366,332,34,1.2,2.1,0.7,1.9,-0.2
2017,28,1029,5,11,,0.313,0,335,382,-47,-1.7,-2.9,0.4,-1.3,1.7
2017,29,1030,9,7,,0.563,0,334,356,-22,-1.5,-1.4,-2,-3.5,-2.1
2017,30,1034,7,9,,0.438,0,342,388,-46,-1.8,-2.9,0.5,-1.3,1.6
2016,1,1000,7,8,1,0.469,0,418,362,56,-0.8,3.5,2.4,1.6,-1.9
2016,2,1001,11,5,0,0.688,0,540,406,134,-2,8.4,10.5,8.5,0.1
2016,3,1002,8,8,0,0.5,0,343,321,22,2.6,1.4,-1.1,1.5,0.2
2016,4,1003,7,9,0,0.438,0,399,378,21,-2.2,1.3,1.8,-0.3,-1.6
2016,5,1004,6,10,0,0.375,0,369,402,-33,-0.8,-2.1,-0.2,-1,1.1
2016,6,1005,3,13,0,0.188,0,279,399,-120,-2.3,-7.5,-5.2,-7.5,0
2016,7,1006,6,9,1,0.406,0,325,315,10,2.5,0.6,-1.5,1,0.4
2016,8,1007,1,15,0,0.063,0,264,452,-188,-4.9,-11.8,-5.2,-10.1,1.7
2016,9,1008,13,3,0,0.813,0,421,306,115,2.9,7.2,4.1,7,-0.2
2016,10,1009,9,7,0,0.563,0,333,297,36,6.1,2.3,-2,4,1.8
2016,11,1010,9,7,0,0.563,0,346,358,-12,-0.1,-0.8,-1.3,-1.4,-0.6
2016,12,1011,10,6,0,0.625,0,432,388,44,-2,2.8,4.9,2.8,0.1
2016,13,1012,9,7,0,0.563,0,279,328,-49,2.7,-3.1,-5.3,-2.6,0.4
2016,14,1013,8,8,0,0.5,0,411,392,19,-2.7,1.2,3.1,0.4,-0.8
2016,15,1014,3,13,0,0.188,0,318,400,-82,-2.3,-5.1,-2.7,-5,0.2
2016,16,1015,12,4,0,0.75,0,389,311,78,4.4,4.9,1.2,5.6,0.7
2016,18,1018,4,12,0,0.25,0,224,394,-170,-1.6,-10.6,-9.5,-11.1,-0.5
2016,19,1019,10,6,0,0.625,0,363,380,-17,-1.8,-1.1,-0.6,-2.4,-1.3
2016,20,1020,8,8,0,0.5,0,327,307,20,3.6,1.3,-2.6,0.9,-0.3
2016,21,1021,14,2,0,0.875,1,441,250,191,5,11.9,4.3,9.3,-2.7
2016,22,1022,7,9,0,0.438,0,469,454,15,-5.3,0.9,6.8,1.5,0.6
2016,23,1023,11,5,0,0.688,0,310,284,26,5.4,1.6,-3.2,2.1,0.5
2016,23,1024,5,11,0,0.313,0,275,409,-134,-3,-8.4,-5.5,-8.5,-0.1
2016,31,1033,12,4,0,0.75,0,416,385,31,-0.3,1.9,3.5,3.3,1.3
2016,24,1025,7,9,0,0.438,0,367,331,36,2.5,2.3,1.3,3.8,1.6
2016,25,1026,11,5,0,0.688,0,399,327,72,2,4.5,2.8,4.7,0.2
2016,32,1035,5,11,0,0.313,0,410,423,-13,-3,-0.8,3,0.1,0.9
2016,26,1027,2,14,0,0.125,0,309,480,-171,-7.5,-10.7,-3.7,-11.2,-0.5
2016,27,1028,10,5,1,0.656,0,354,292,62,4.5,3.9,-2.4,2.1,-1.7
2016,28,1029,9,7,0,0.563,0,354,369,-15,1.3,-0.9,-1.5,-0.2,0.7
2016,29,1030,9,7,0,0.563,0,381,378,3,-1.7,0.2,0.7,-1,-1.2
2016,30,1034,8,7,1,0.531,0,396,383,13,-1.3,0.8,3.3,2,1.2
2015,1,1000,13,3,,0.813,0,489,313,176,3.4,11,9,12.3,1.3
2015,2,1001,8,8,,0.5,0,339,345,-6,0.3,-0.4,-4,-3.8,-3.4
2015,3,1002,5,11,,0.313,0,328,401,-73,-1.2,-4.6,-0.7,-1.9,2.6
2015,4,1003,8,8,,0.5,0,379,359,20,-0.2,1.3,0.3,0,-1.2
2015,5,1004,15,1,,0.938,0,500,308,192,2.1,12,6,8.1,-3.9
2015,6,1005,6,10,,0.375,0,335,397,-62,-1.2,-3.9,-0.1,-1.3,2.6
2015,7,1006,12,4,,0.75,0,419,279,140,5.8,8.8,4.8,10.6,1.9
2015,8,1007,3,13,,0.188,0,278,432,-154,-2.9,-9.6,-3.2,-6.1,3.5
2015,9,1008,4,12,,0.25,0,275,374,-99,0.1,-6.2,-7,-6.9,-0.7
2015,10,1009,12,4,,0.75,1,355,296,59,5.5,3.7,0.3,5.8,2.1
2015,11,1010,7,9,,0.438,0,358,400,-42,-1.3,-2.6,1,-0.2,2.4
2015,12,1011,10,6,,0.625,0,368,323,45,3.3,2.8,2,5.3,2.5
2015,13,1012,9,7,,0.563,0,339,313,26,2.6,1.6,-3.3,-0.8,-2.4
2015,14,1013,8,8,,0.5,0,333,408,-75,-3.6,-4.7,-3.1,-6.7,-2
2015,15,1014,5,11,,0.313,0,376,448,-72,-6.9,-4.5,-0.7,-7.5,-3
2015,16,1015,11,5,,0.688,0,405,287,118,5.3,7.4,3.7,9,1.6
2015,19,1019,6,10,,0.375,0,310,389,-79,-2.2,-4.9,-4.7,-6.8,-1.9
2015,20,1020,11,5,,0.688,0,365,302,63,4.7,3.9,1.1,5.8,1.9
2015,21,1021,12,4,,0.75,0,465,315,150,1.7,9.4,5.3,7,-2.4
2015,22,1022,7,9,,0.438,0,408,476,-68,-7.6,-4.3,1.1,-6.6,-2.3
2015,23,1023,6,10,,0.375,0,420,442,-22,-6.1,-1.4,2.5,-3.6,-2.2
2015,23,1024,10,6,,0.625,0,387,314,73,2,4.6,-0.5,1.5,-3
2015,31,1033,7,9,,0.438,0,359,399,-40,-1.6,-2.5,1.4,-0.2,2.3
2015,24,1025,7,9,,0.438,0,377,430,-53,-4,-3.3,-0.6,-4.6,-1.3
2015,25,1026,10,6,,0.625,0,423,319,104,3.6,6.5,5.1,8.7,2.2
2015,32,1035,4,12,,0.25,0,320,398,-78,-1.1,-4.9,-1.5,-2.6,2.2
2015,26,1027,5,11,,0.313,0,238,387,-149,0.5,-9.3,-6,-5.5,3.8
2015,27,1028,10,6,,0.625,0,423,277,146,6,9.1,5.4,11.3,2.2
2015,33,1036,7,9,,0.438,0,280,330,-50,3.6,-3.1,-3.8,-0.2,3
2015,28,1029,6,10,,0.375,0,342,417,-75,-4.2,-4.7,-3.5,-7.7,-3
2015,29,1030,3,13,,0.188,0,299,423,-124,-4.6,-7.8,-5.9,-10.5,-2.8
2015,30,1034,9,7,,0.563,0,388,379,9,-1.8,0.6,-0.2,-1.9,-2.5
2014,1,1000,11,5,0,0.688,0,310,299,11,4.4,0.7,-2.4,2,1.3
2014,2,1001,6,10,0,0.375,0,381,417,-36,-4.4,-2.3,0.6,-3.8,-1.6
2014,3,1002,10,6,0,0.625,0,409,302,107,2.8,6.7,1.8,4.6,-2.1
2014,4,1003,9,7,0,0.563,0,343,289,54,5.3,3.4,-0.4,4.9,1.6
2014,5,1004,7,8,1,0.469,0,339,374,-35,-0.7,-2.2,-2.4,-3.1,-0.9
2014,6,1005,5,11,0,0.313,0,319,442,-123,-4.7,-7.7,-2,-6.7,1
2014,7,1006,10,5,1,0.656,0,365,344,21,1.3,1.3,-0.5,0.7,-0.6
2014,8,1007,7,9,0,0.438,0,299,337,-38,0.9,-2.4,-4.8,-3.9,-1.5
2014,9,1008,12,4,0,0.75,0,467,352,115,0.1,7.2,5.3,5.4,-1.8
2014,10,1009,12,4,0,0.75,0,482,354,128,0.4,8,9.2,9.6,1.6
2014,11,1010,11,5,0,0.688,0,321,282,39,5.2,2.4,-3.2,2.1,-0.4
2014,12,1011,12,4,0,0.75,0,486,348,138,0.4,8.6,7.9,8.3,-0.3
2014,13,1012,9,7,0,0.563,0,372,307,65,2.5,4.1,-0.8,1.7,-2.3
2014,14,1013,11,5,0,0.688,0,458,369,89,-0.8,5.6,5.2,4.4,-1.1
2014,15,1014,3,13,0,0.188,0,249,412,-163,-2.7,-10.2,-7.8,-10.5,-0.3
2014,16,1015,9,7,0,0.563,0,353,281,72,5.7,4.5,0,5.7,1.2
2014,19,1019,8,8,0,0.5,0,388,373,15,-0.4,0.9,2.9,2.6,1.6
2014,20,1020,7,9,0,0.438,0,325,343,-18,1.1,-1.1,-2.8,-1.7,-0.5
2014,21,1021,12,4,0,0.75,1,468,313,155,3.5,9.7,7.5,10.9,1.3
2014,22,1022,7,9,0,0.438,0,401,424,-23,-4.8,-1.4,1.9,-2.9,-1.5
2014,23,1023,6,10,0,0.375,0,380,400,-20,-2.5,-1.3,0.8,-1.7,-0.4
2014,23,1024,4,12,0,0.25,0,283,401,-118,-1,-7.4,-4,-5,2.3
2014,31,1033,3,13,0,0.188,0,253,452,-199,-4.7,-12.4,-4.3,-9,3.4
2014,24,1025,10,6,0,0.625,0,474,400,74,-2.7,4.6,6.6,3.9,-0.7
2014,25,1026,11,5,0,0.688,0,436,368,68,-2.1,4.3,4.4,2.2,-2
2014,32,1035,9,7,0,0.563,0,348,348,0,1.2,0,0.7,1.9,1.9
2014,26,1027,8,8,0,0.5,0,306,340,-34,2.1,-2.1,-3,-1,1.2
2014,27,1028,12,4,0,0.75,0,394,254,140,7.1,8.8,2.4,9.5,0.8
2014,33,1036,6,10,0,0.375,0,324,354,-30,0.4,-1.9,-1.2,-0.8,1
2014,28,1029,2,14,0,0.125,0,277,410,-133,-3.3,-8.3,-6.5,-9.8,-1.5
2014,29,1030,2,14,0,0.125,0,254,438,-184,-4.9,-11.5,-7,-11.8,-0.3
2014,30,1034,4,12,0,0.25,0,301,438,-137,-4.7,-8.6,-4,-8.7,-0.2
2013,1,1000,10,6,0,0.625,0,379,324,55,3.7,3.4,2.7,6.4,3
2013,2,1001,4,12,0,0.25,0,353,443,-90,-3.9,-5.6,1.2,-2.8,2.9
2013,3,1002,8,8,0,0.5,0,320,352,-32,1.4,-2,-5,-3.5,-1.5
2013,4,1003,6,10,0,0.375,0,339,388,-49,-1.9,-3.1,-1.3,-3.2,-0.1
2013,5,1004,12,4,0,0.75,0,366,241,125,8.6,7.8,0.6,9.2,1.4
2013,6,1005,8,8,0,0.5,0,445,478,-33,-7.1,-2.1,3,-4.1,-2.1
2013,7,1006,11,5,0,0.688,0,430,305,125,3,7.8,2.3,5.4,-2.5
2013,8,1007,4,12,0,0.25,0,308,406,-98,-2.9,-6.1,-4.8,-7.7,-1.6
2013,9,1008,8,8,0,0.5,0,439,432,7,-3.4,0.4,2.7,-0.7,-1.1
2013,10,1009,13,3,0,0.813,0,606,399,207,-2.7,12.9,14.1,11.4,-1.6
2013,11,1010,7,9,0,0.438,0,395,376,19,-0.5,1.2,-1.2,-1.6,-2.8
2013,12,1011,8,7,1,0.531,0,417,428,-11,-3.6,-0.7,0.5,-3.1,-2.4
2013,13,1012,2,14,0,0.125,0,276,428,-152,-2.6,-9.5,-5,-7.6,1.9
2013,14,1013,11,5,0,0.688,0,391,336,55,2.3,3.4,1.7,4,0.6
2013,15,1014,4,12,0,0.25,0,247,449,-202,-4,-12.6,-7.1,-11.1,1.5
2013,16,1015,11,5,0,0.688,0,430,305,125,4.3,7.8,1.7,6.1,-1.7
2013,19,1019,8,8,0,0.5,0,317,335,-18,2.1,-1.1,-2.9,-0.8,0.3
2013,20,1020,5,10,1,0.344,0,391,480,-89,-6.9,-5.6,0.2,-6.6,-1.1
2013,21,1021,12,4,0,0.75,0,444,338,106,1.4,6.6,4.5,5.9,-0.7
2013,22,1022,11,5,0,0.688,0,414,304,110,5,6.9,3.8,8.8,1.9
2013,23,1023,7,9,0,0.438,0,294,383,-89,0.8,-5.6,-6.2,-5.4,0.2
2013,23,1024,8,8,0,0.5,0,290,387,-97,-1.4,-6.1,-4.7,-6.1,0
2013,31,1033,4,12,0,0.25,0,322,453,-131,-4.2,-8.2,-3.8,-8,0.2
2013,24,1025,10,6,0,0.625,0,442,382,60,-0.5,3.8,2.3,1.9,-1.9
2013,25,1026,8,8,0,0.5,0,379,370,9,-1,0.6,-0.9,-2,-2.5
2013,32,1035,9,7,0,0.563,0,396,348,48,2.1,3,0.5,2.7,-0.3
2013,26,1027,12,4,0,0.75,0,406,272,134,6.6,8.4,3.5,10.1,1.8
2013,27,1028,13,3,0,0.813,1,417,231,186,8.9,11.6,4.1,13,1.4
2013,33,1036,7,9,0,0.438,0,348,364,-16,1.8,-1,0.4,2.2,3.2
2013,28,1029,4,12,0,0.25,0,288,389,-101,0.3,-6.3,-2.9,-2.7,3.6
2013,29,1030,7,9,0,0.438,0,362,381,-19,-0.6,-1.2,-0.2,-0.8,0.4
2013,30,1034,3,13,0,0.188,0,334,478,-144,-5.4,-9,-3.9,-9.3,-0.3
2012,1,1000,5,11,0,0.313,0,250,357,-107,1.6,-6.7,-4.8,-3.2,3.5
2012,2,1001,13,3,0,0.813,0,419,299,120,4.5,7.5,2,6.4,-1.1
2012,3,1002,10,6,0,0.625,1,398,344,54,1,3.4,1.9,2.9,-0.5
2012,4,1003,6,10,0,0.375,0,344,435,-91,-5.8,-5.7,-0.9,-6.7,-1
2012,5,1004,7,9,0,0.438,0,357,363,-6,1.3,-0.4,-0.5,0.8,1.2
2012,6,1005,10,6,0,0.625,0,375,277,98,6,6.1,1,6.9,0.8
2012,7,1006,10,6,0,0.625,0,391,320,71,0.9,4.4,1.2,2.1,-2.4
2012,8,1007,5,11,0,0.313,0,302,368,-66,-0.7,-4.1,-4.6,-5.3,-1.2
2012,9,1008,8,8,0,0.5,0,376,400,-24,-1.2,-1.5,1.4,0.3,1.8
2012,10,1009,13,3,0,0.813,0,481,289,192,3.8,12,6.3,10.1,-1.9
2012,11,1010,4,12,0,0.25,0,372,437,-65,-4.4,-4.1,2.1,-2.3,1.8
2012,12,1011,11,5,0,0.688,0,433,336,97,2.4,6.1,4.9,7.3,1.2
2012,13,1012,12,4,0,0.75,0,416,331,85,1.7,5.3,1.8,3.5,-1.8
2012,14,1013,11,5,0,0.688,0,357,387,-30,-2.8,-1.9,-1.9,-4.7,-2.8
2012,15,1014,2,14,0,0.125,0,255,444,-189,-4.9,-11.8,-8.1,-13,-1.1
2012,16,1015,2,14,0,0.125,0,211,425,-214,-3.7,-13.4,-10.3,-14,-0.6
2012,19,1019,7,9,0,0.438,0,288,317,-29,2.9,-1.8,-5.5,-2.6,-0.8
2012,20,1020,10,6,0,0.625,0,379,348,31,1.8,1.9,1.6,3.4,1.4
2012,21,1021,12,4,0,0.75,0,557,331,226,0.5,14.1,12.2,12.8,-1.4
2012,22,1022,7,9,0,0.438,0,461,454,7,-5.1,0.4,6.5,1.4,1
2012,23,1023,9,7,0,0.563,0,429,344,85,2.2,5.3,4,6.2,0.9
2012,23,1024,6,10,0,0.375,0,281,375,-94,-0.9,-5.9,-5.1,-5.9,0
2012,31,1033,4,12,0,0.25,0,290,443,-153,-6.2,-9.6,-4.6,-10.8,-1.3
2012,24,1025,4,12,0,0.25,0,280,444,-164,-3.6,-10.3,-5.3,-8.9,1.4
2012,25,1026,8,8,0,0.5,0,336,314,22,2.1,1.4,-2.8,-0.7,-2
2012,32,1035,7,9,0,0.438,0,350,350,0,-0.4,0,-2,-2.3,-2.3
2012,26,1027,11,4,1,0.719,0,397,273,124,6.7,7.8,3.5,10.2,2.5
2012,27,1028,11,5,0,0.688,0,412,245,167,7.7,10.4,4.5,12.2,1.8
2012,33,1036,7,8,1,0.469,0,299,348,-49,2.4,-3.1,-2.1,0.4,3.4
2012,28,1029,7,9,0,0.438,0,389,394,-5,-1.3,-0.3,1.3,0,0.3
2012,29,1030,6,10,0,0.375,0,330,471,-141,-7.4,-8.8,-2.6,-10,-1.2
2012,30,1034,10,6,0,0.625,0,436,388,48,-1.2,3,4.6,3.4,0.4
2011,1,1000,8,8,,0.5,0,312,348,-36,-0.5,-2.3,-1.7,-2.2,0
2011,2,1001,10,6,,0.625,0,402,350,52,1.7,3.3,1.8,3.5,0.3
2011,3,1002,12,4,,0.75,0,378,266,112,3.5,7,2.6,6.1,-0.9
2011,4,1003,6,10,,0.375,0,372,434,-62,-4.5,-3.9,1.2,-3.4,0.5
2011,5,1004,6,10,,0.375,0,406,429,-23,-3.9,-1.4,2.6,-1.3,0.1
2011,6,1005,8,8,,0.5,0,353,341,12,3.1,0.8,-1.5,1.7,0.9
2011,7,1006,9,7,,0.563,0,344,323,21,-0.2,1.3,0.7,0.5,-0.9
2011,8,1007,4,12,,0.25,0,218,307,-89,1.8,-5.6,-7.2,-5.4,0.2
2011,9,1008,8,8,,0.5,0,369,347,22,0.9,1.4,0.7,1.6,0.3
2011,10,1009,8,8,,0.5,0,309,390,-81,-1.7,-5.1,-3.6,-5.3,-0.2
2011,11,1010,10,6,,0.625,0,474,387,87,-0.8,5.4,6.9,6.1,0.6
2011,12,1011,15,1,,0.938,0,560,359,201,-0.1,12.6,11.5,11.4,-1.2
2011,13,1012,10,6,,0.625,0,381,278,103,3.2,6.4,1.4,4.5,-1.9
2011,14,1013,2,14,,0.125,0,243,430,-187,-5.3,-11.7,-6,-11.3,0.4
2011,15,1014,5,11,,0.313,0,243,329,-86,1.4,-5.4,-7.1,-5.6,-0.3
2011,16,1015,7,9,,0.438,0,212,338,-126,2.1,-7.9,-10.2,-8.1,-0.2
2011,19,1019,6,10,,0.375,0,329,313,16,3.2,1,-2.2,0.9,-0.1
2011,20,1020,3,13,,0.188,0,340,449,-109,-4.1,-6.8,-1.6,-5.7,1.1
2011,21,1021,13,3,,0.813,0,513,342,171,-0.1,10.7,9.4,9.3,-1.4
2011,22,1022,13,3,,0.813,0,547,339,208,0.8,13,10.6,11.4,-1.6
2011,23,1023,9,7,,0.563,1,394,400,-6,-1.5,-0.4,3.1,1.6,2
2011,23,1024,8,8,,0.5,0,377,363,14,-0.3,0.9,1.2,0.9,0
2011,31,1033,8,8,,0.5,0,359,433,-74,-5.1,-4.6,0.2,-4.9,-0.3
2011,24,1025,8,8,,0.5,0,396,328,68,1.7,4.3,3.1,4.7,0.5
2011,25,1026,12,4,,0.75,0,325,227,98,6,6.1,-0.8,5.3,-0.8
2011,32,1035,8,8,,0.5,0,406,377,29,-1.8,1.8,2.7,0.9,-0.9
2011,26,1027,13,3,,0.813,0,380,229,151,6.6,9.4,1.7,8.3,-1.1
2011,27,1028,7,9,,0.438,0,321,315,6,1.3,0.4,-0.5,0.8,0.4
2011,33,1036,2,14,,0.125,0,193,407,-214,-2.1,-13.4,-8.4,-10.4,2.9
2011,28,1029,4,12,,0.25,0,287,494,-207,-6.6,-12.9,-4,-10.6,2.3
2011,29,1030,9,7,,0.563,0,325,317,8,1.2,0.5,-2.2,-1,-1.5
2011,30,1034,5,11,,0.313,0,288,367,-79,0.2,-4.9,-4.3,-4.1,0.8
2010,1,1000,5,11,,0.313,0,289,434,-145,-7.1,-9.1,-5.6,-12.7,-3.6
2010,2,1001,13,3,,0.813,0,414,288,126,2.2,7.9,3.8,6.1,-1.8
2010,3,1002,12,4,,0.75,0,357,270,87,5.5,5.4,0.9,6.4,1
2010,4,1003,4,12,,0.25,0,283,425,-142,-3.1,-8.9,-1.5,-4.6,4.3
2010,5,1004,2,14,,0.125,0,196,408,-212,-4.1,-13.3,-9.1,-13.2,0.1
2010,6,1005,11,5,,0.688,0,334,286,48,4.7,3,-0.6,4.1,1.1
2010,7,1006,4,12,,0.25,0,322,395,-73,-1.9,-4.6,0.4,-1.4,3.1
2010,8,1007,5,11,,0.313,0,271,332,-61,2,-3.8,-3.4,-1.5,2.3
2010,9,1008,6,10,,0.375,0,394,436,-42,-4.7,-2.6,2.5,-2.2,0.5
2010,10,1009,4,12,,0.25,0,344,471,-127,-7.8,-7.9,-1.1,-8.9,-1
2010,11,1010,6,10,,0.375,0,362,369,-7,-0.5,-0.4,2.4,1.9,2.3
2010,12,1011,10,6,,0.625,1,388,240,148,7.9,9.3,3.1,10.9,1.7
2010,13,1012,6,10,,0.375,0,390,427,-37,-3.7,-2.3,1.8,-1.8,0.5
2010,14,1013,10,6,,0.625,0,435,388,47,-0.9,2.9,3.7,2.9,-0.1
2010,15,1014,8,8,,0.5,0,353,419,-66,-3.3,-4.1,-1.2,-4.5,-0.4
2010,16,1015,10,6,,0.625,0,366,326,40,0.8,2.5,-1.5,-0.7,-3.2
2010,19,1019,7,9,,0.438,0,273,333,-60,3.1,-3.8,-2.8,0.3,4.1
2010,20,1020,6,10,,0.375,0,281,348,-67,1.7,-4.2,-3.3,-1.6,2.6
2010,21,1021,14,2,,0.875,0,518,313,205,2.8,12.8,12.6,15.4,2.6
2010,22,1022,11,5,,0.688,0,384,307,77,0.8,4.8,1.5,2.3,-2.5
2010,23,1023,10,6,,0.625,0,394,347,47,0.4,2.9,1.7,2.1,-0.8
2010,23,1024,11,5,,0.688,0,367,304,63,4.2,3.9,2.2,6.5,2.5
2010,31,1033,8,8,,0.5,0,410,371,39,-2.2,2.4,2.3,0.2,-2.3
2010,24,1025,10,6,,0.625,0,439,377,62,-1.2,3.9,5.4,4.2,0.3
2010,25,1026,12,4,,0.75,0,375,232,143,7.7,8.9,2.5,10.2,1.3
2010,32,1035,9,7,,0.563,0,441,322,119,1.6,7.4,3.2,4.8,-2.6
2010,26,1027,6,10,,0.375,0,305,346,-41,-1.1,-2.6,-4.7,-5.8,-3.3
2010,27,1028,7,9,,0.438,0,310,407,-97,-5.5,-6.1,-3.9,-9.4,-3.4
2010,33,1036,7,9,,0.438,0,289,328,-39,-0.4,-2.4,-6.3,-6.7,-4.2
2010,28,1029,10,6,,0.625,0,341,318,23,0.4,1.4,-1,-0.6,-2
2010,29,1030,6,10,,0.375,0,356,339,17,1.9,1.1,-0.9,1,0
2010,30,1034,6,10,,0.375,0,302,377,-75,-0.5,-4.7,-3.4,-3.8,0.9
2009,1,1000,10,6,,0.625,0,375,325,50,-0.4,3.1,0.1,-0.3,-3.4
2009,2,1001,9,7,,0.563,0,363,325,38,2.3,2.4,2.7,5,2.7
2009,3,1002,9,7,,0.563,0,391,261,130,4.9,8.1,2.6,7.5,-0.7
2009,4,1003,6,10,,0.375,0,258,326,-68,2.7,-4.3,-4.5,-1.8,2.4
2009,5,1004,8,8,,0.5,0,315,308,7,4.5,0.4,-0.6,3.9,3.5
2009,6,1005,7,9,,0.438,0,327,375,-48,-2,-3,-1.9,-3.9,-0.9
2009,7,1006,10,6,,0.625,0,305,291,14,3.2,0.9,-2.5,0.7,-0.2
2009,8,1007,5,11,,0.313,0,245,375,-130,-2.4,-8.1,-6,-8.4,-0.3
2009,9,1008,11,5,,0.688,0,361,250,111,6.7,6.9,0.4,7.1,0.2
2009,10,1009,8,8,,0.5,0,326,324,2,1.3,0.1,-1,0.3,0.2
2009,11,1010,2,14,,0.125,0,262,494,-232,-9.2,-14.5,-5.2,-14.4,0.1
2009,12,1011,11,5,,0.688,0,461,297,164,1.1,10.3,6.3,7.4,-2.9
2009,13,1012,9,7,,0.563,0,388,333,55,-0.7,3.4,2.7,2,-1.5
2009,14,1013,14,2,,0.875,0,416,307,109,1.5,6.8,4.4,5.9,-0.9
2009,15,1014,7,9,,0.438,0,290,380,-90,-2.6,-5.6,-3.8,-6.5,-0.9
2009,16,1015,4,12,,0.25,0,294,424,-130,-5.9,-8.1,-2.5,-8.4,-0.3
2009,19,1019,7,9,,0.438,0,360,390,-30,-1.2,-1.9,2.9,1.7,3.6
2009,20,1020,12,4,,0.75,0,470,312,158,0.6,9.9,6.6,7.2,-2.7
2009,21,1021,10,6,,0.625,0,427,285,142,4.5,8.9,6.7,11.2,2.3
2009,22,1022,13,3,,0.813,1,510,341,169,-0.5,10.6,11.2,10.8,0.2
2009,23,1023,8,8,,0.5,0,402,427,-25,-4.5,-1.6,4.6,0.1,1.6
2009,23,1024,9,7,,0.563,0,348,236,112,7.5,7,1.1,8.6,1.6
2009,31,1033,5,11,,0.313,0,197,379,-182,-1.6,-11.4,-8.7,-10.3,1.1
2009,24,1025,11,5,,0.688,0,429,337,92,0.2,5.8,5.8,6,0.2
2009,25,1026,9,7,,0.563,0,368,324,44,0.7,2.8,1,1.7,-1.1
2009,32,1035,13,3,,0.813,0,454,320,134,0.2,8.4,6.4,6.6,-1.7
2009,26,1027,8,8,,0.5,0,330,281,49,3,3.1,-2.9,0.1,-3
2009,27,1028,5,11,,0.313,0,280,390,-110,-4.4,-6.9,-5,-9.3,-2.4
2009,33,1036,1,15,,0.063,0,175,436,-261,-5.8,-16.3,-11.7,-17.4,-1.1
2009,28,1029,3,13,,0.188,0,244,400,-156,-1.1,-9.8,-4.6,-5.6,4.1
2009,29,1030,8,8,,0.5,0,354,402,-48,-3.6,-3,0.9,-2.8,0.2
2009,30,1034,4,12,,0.25,0,266,336,-70,1,-4.4,-5.5,-4.6,-0.2
2008,1,1000,9,7,0,0.563,0,427,426,1,-6,0.1,4.1,-1.9,-1.9
2008,2,1001,11,5,0,0.688,0,391,325,66,2.5,4.1,1.3,3.8,-0.3
2008,3,1002,11,5,0,0.688,0,385,244,141,5.6,8.8,4.2,9.8,1
2008,4,1003,7,9,0,0.438,0,336,342,-6,-0.6,-0.4,-2.8,-3.3,-3
2008,5,1004,12,4,0,0.75,0,414,329,85,2.9,5.3,2.8,5.6,0.3
2008,6,1005,9,7,0,0.563,0,375,350,25,1,1.6,1.1,2.1,0.5
2008,7,1006,4,11,1,0.281,0,204,364,-160,-0.1,-10,-6.9,-7,3
2008,8,1007,4,12,0,0.25,0,232,350,-118,0.6,-7.4,-5.2,-4.6,2.7
2008,9,1008,9,7,0,0.563,0,362,365,-3,-1.2,-0.2,1.7,0.6,0.8
2008,10,1009,8,8,0,0.5,0,370,448,-78,-6.5,-4.9,0.7,-5.8,-0.9
2008,11,1010,0,16,0,0,0,268,517,-249,-9.1,-15.6,-4,-13.1,2.5
2008,12,1011,6,10,0,0.375,0,419,380,39,-1.2,2.4,4.1,2.9,0.5
2008,13,1012,8,8,0,0.5,0,366,394,-28,-3.2,-1.8,2.8,-0.4,1.4
2008,14,1013,12,4,0,0.75,0,377,298,79,3.9,4.9,2.6,6.5,1.6
2008,15,1014,5,11,0,0.313,0,302,367,-65,-0.4,-4.1,-2.1,-2.5,1.6
2008,16,1015,2,14,0,0.125,0,291,440,-149,-5.3,-9.3,-3.9,-9.2,0.1
2008,19,1019,11,5,0,0.688,0,345,317,28,1.8,1.8,-2.4,-0.5,-2.3
2008,20,1020,10,6,0,0.625,0,379,333,46,2.9,2.9,1.1,4,1.2
2008,21,1021,11,5,0,0.688,0,410,309,101,1.6,6.3,2.3,3.9,-2.4
2008,22,1022,8,8,0,0.5,0,463,393,70,-2.8,4.4,6.8,4,-0.3
2008,23,1023,12,4,0,0.75,0,427,294,133,2.8,8.3,5.5,8.4,0.1
2008,23,1024,9,7,0,0.563,0,405,356,49,-1.9,3.1,2.2,0.2,-2.8
2008,31,1033,5,11,0,0.313,0,263,388,-125,-1,-7.8,-6.5,-7.5,0.3
2008,24,1025,9,6,1,0.594,0,416,289,127,3.2,7.9,4.7,7.8,-0.1
2008,25,1026,12,4,0,0.75,1,347,223,124,8.2,7.8,1.6,9.8,2
2008,32,1035,8,8,0,0.5,0,439,347,92,0,5.8,5,5,-0.8
2008,26,1027,7,9,0,0.438,0,339,381,-42,-2.4,-2.6,-2.9,-5.3,-2.7
2008,27,1028,4,12,0,0.25,0,294,392,-98,-2.8,-6.1,-4.9,-7.6,-1.5
2008,33,1036,2,14,0,0.125,0,232,465,-233,-7,-14.6,-8.1,-15.1,-0.5
2008,28,1029,9,7,0,0.563,0,361,323,38,2.9,2.4,-0.6,2.3,-0.1
2008,29,1030,13,3,0,0.813,0,375,234,141,7.5,8.8,1.5,8.9,0.1
2008,30,1034,8,8,0,0.5,0,265,296,-31,4.1,-1.9,-5.8,-1.8,0.2
2007,1,1000,8,8,,0.5,0,404,399,5,-5.9,0.3,1.9,-3.9,-4.3
2007,2,1001,4,12,,0.25,0,259,414,-155,-4.8,-9.7,-5.8,-10.6,-0.9
2007,3,1002,5,11,,0.313,0,275,384,-109,-1.8,-6.8,-5,-6.7,0.1
2007,4,1003,7,9,,0.438,0,252,354,-102,1.5,-6.4,-5.6,-4.1,2.3
2007,5,1004,7,9,,0.438,0,267,347,-80,-0.1,-5,-5.7,-5.8,-0.8
2007,6,1005,7,9,,0.438,0,334,348,-14,1.4,-0.9,-0.2,1.2,2.1
2007,7,1006,7,9,,0.438,0,380,385,-5,-4,-0.3,1.6,-2.4,-2.1
2007,8,1007,10,6,,0.625,0,402,382,20,-3.3,1.3,2.2,-1.1,-2.3
2007,9,1008,13,3,,0.813,0,455,325,130,1.7,8.1,7.8,9.5,1.3
2007,10,1009,7,9,,0.438,0,320,409,-89,-3.8,-5.6,-0.2,-3.9,1.6
2007,11,1010,7,9,,0.438,0,346,444,-98,-5,-6.1,1.4,-3.6,2.6
2007,12,1011,13,3,,0.813,0,435,291,144,3.3,9,5.7,9,0
2007,13,1012,8,8,,0.5,0,379,384,-5,-2.5,-0.3,2.5,0,0.3
2007,14,1013,13,3,,0.813,0,450,262,188,5.4,11.8,6.6,12,0.3
2007,15,1014,11,5,,0.688,0,411,304,107,2,6.7,4.8,6.8,0.1
2007,16,1015,4,12,,0.25,0,226,335,-109,1.9,-6.8,-7.4,-5.5,1.4
2007,19,1019,1,15,,0.063,0,267,437,-170,-4.2,-10.6,-4.1,-8.4,2.3
2007,20,1020,8,8,,0.5,0,365,311,54,2.4,3.4,1.4,3.8,0.4
2007,21,1021,16,0,,1,0,589,274,315,4.2,19.7,15.9,20.1,0.4
2007,22,1022,7,9,,0.438,0,379,388,-9,-4.5,-0.6,1.9,-2.5,-2
2007,23,1023,10,6,,0.625,1,373,351,22,0.4,1.4,2.8,3.3,1.9
2007,23,1024,4,12,,0.25,0,268,355,-87,0.3,-5.4,-4,-3.7,1.7
2007,31,1033,4,12,,0.25,0,283,398,-115,-2.5,-7.2,-3.5,-6,1.2
2007,24,1025,8,8,,0.5,0,336,300,36,5.1,2.3,0.1,5.3,3
2007,25,1026,10,6,,0.625,0,393,269,124,4.3,7.8,0.9,5.2,-2.5
2007,32,1035,11,5,,0.688,0,412,284,128,4.5,8,4.3,8.8,0.8
2007,26,1027,5,11,,0.313,0,219,364,-145,-2,-9.1,-9.9,-11.9,-2.9
2007,27,1028,10,6,,0.625,0,393,291,102,0.9,6.4,0.8,1.8,-4.6
2007,33,1036,3,13,,0.188,0,263,438,-175,-6.5,-10.9,-6.5,-13,-2
2007,28,1029,9,7,,0.563,0,334,270,64,3.6,4,-2.3,1.2,-2.8
2007,29,1030,10,6,,0.625,0,301,297,4,3.6,0.3,-2.9,0.7,0.5
2007,30,1034,9,7,,0.563,0,334,310,24,4.3,1.5,0.2,4.5,3
2006,1,1000,5,11,,0.313,0,314,389,-75,-4.3,-4.7,-2.6,-6.9,-2.2
2006,2,1001,7,9,,0.438,0,292,328,-36,-0.2,-2.3,-2.8,-3,-0.8
2006,3,1002,13,3,,0.813,0,353,201,152,7.8,9.5,1.5,9.3,-0.2
2006,4,1003,7,9,,0.438,0,300,311,-11,2.4,-0.7,-0.2,2.2,2.9
2006,5,1004,8,8,,0.5,0,270,305,-35,1.5,-2.2,-4.2,-2.7,-0.5
2006,6,1005,13,3,,0.813,0,427,255,172,3,10.8,4.9,7.9,-2.9
2006,7,1006,8,8,,0.5,0,373,331,42,0,2.6,4,4.1,1.5
2006,8,1007,4,12,,0.25,0,238,356,-118,-1.3,-7.4,-4.5,-5.8,1.5
2006,9,1008,9,7,,0.563,0,425,350,75,-1.3,4.7,5,3.7,-1
2006,10,1009,9,7,,0.563,0,319,305,14,2.1,0.9,-0.8,1.3,0.4
2006,11,1010,3,13,,0.188,0,305,398,-93,-4.6,-5.8,-1.8,-6.4,-0.5
2006,12,1011,8,8,,0.5,0,301,366,-65,-2.1,-4.1,-2.3,-4.4,-0.4
2006,13,1012,6,10,,0.375,0,267,366,-99,-1.3,-6.2,-3.2,-4.5,1.7
2006,14,1013,12,4,,0.75,1,427,360,67,-1.1,4.2,6.9,5.9,1.7
2006,15,1014,8,8,,0.5,0,371,274,97,4.9,6.1,2.6,7.5,1.4
2006,16,1015,9,7,,0.563,0,331,315,16,0.6,1,0.4,1,0
2006,19,1019,6,10,,0.375,0,260,283,-23,4,-1.4,-3.3,0.7,2.1
2006,20,1020,6,10,,0.375,0,282,327,-45,-0.4,-2.8,-3.7,-4.1,-1.3
2006,21,1021,12,4,,0.75,0,385,237,148,5.9,9.3,4.3,10.2,1
2006,22,1022,10,6,,0.625,0,413,322,91,-0.9,5.7,4.9,4,-1.6
2006,23,1023,8,8,,0.5,0,355,362,-7,-1.1,-0.4,1.2,0.1,0.5
2006,23,1024,10,6,,0.625,0,316,295,21,1.7,1.3,0.4,2,0.7
2006,31,1033,2,14,,0.125,0,168,332,-164,0.7,-10.3,-10.3,-9.6,0.6
2006,24,1025,10,6,,0.625,0,398,328,70,0.2,4.4,3.2,3.4,-1
2006,25,1026,8,8,,0.5,0,353,315,38,0.4,2.4,3,3.4,1
2006,32,1035,14,2,,0.875,0,492,303,189,0.2,11.8,10,10.2,-1.6
2006,26,1027,7,9,,0.438,0,298,412,-114,-5.2,-7.1,-3.5,-8.7,-1.6
2006,27,1028,9,7,,0.563,0,335,341,-6,-1.9,-0.4,-1.7,-3.6,-3.2
2006,33,1036,8,8,,0.5,0,367,381,-14,-4.7,-0.9,0.8,-4,-3.1
2006,28,1029,4,12,,0.25,0,211,353,-142,-0.8,-8.9,-7.2,-7.9,0.9
2006,29,1030,8,8,,0.5,0,324,400,-76,-2.3,-4.8,1,-1.3,3.5
2006,30,1034,5,11,,0.313,0,307,376,-69,-2,-4.3,-2.1,-4,0.3
2005,1,1000,5,11,,0.313,0,311,387,-76,-3,-4.8,-2,-5,-0.2
2005,2,1001,8,8,,0.5,0,351,341,10,-2.3,0.6,1.1,-1.2,-1.9
2005,3,1002,6,10,,0.375,0,265,299,-34,1.7,-2.1,-3.5,-1.8,0.3
2005,4,1003,5,11,,0.313,0,271,367,-96,-1.8,-6,-4,-5.8,0.2
2005,5,1004,11,5,,0.688,0,391,259,132,2.1,8.3,3,5.1,-3.2
2005,6,1005,11,5,,0.688,0,260,202,58,6.6,3.6,-5.2,1.4,-2.2
2005,7,1006,11,5,,0.688,0,421,350,71,-2.7,4.4,6.5,3.8,-0.6
2005,8,1007,6,10,,0.375,0,232,301,-69,1.7,-4.3,-6,-4.2,0.1
2005,9,1008,9,7,,0.563,0,325,308,17,3.2,1.1,-0.1,3.2,2.1
2005,10,1009,13,3,,0.813,0,395,258,137,5.8,8.6,5,10.8,2.2
2005,11,1010,5,11,,0.313,0,254,345,-91,-2.4,-5.7,-4.3,-6.7,-1
2005,12,1011,4,12,,0.25,0,298,344,-46,-2.2,-2.9,-1.5,-3.7,-0.8
2005,13,1012,2,14,,0.125,0,260,431,-171,-5.7,-10.7,-4.4,-10,0.7
2005,14,1013,14,2,,0.875,0,439,247,192,5.2,12,5.6,10.8,-1.2
2005,15,1014,12,4,,0.75,0,361,269,92,3.7,5.8,1.1,4.8,-1
2005,16,1015,10,6,,0.625,0,403,325,78,1.9,4.9,5.1,7,2.1
2005,19,1019,9,7,,0.563,0,318,317,1,0.3,0.1,-1.1,-0.8,-0.8
2005,20,1020,9,7,,0.563,0,306,344,-38,-2.1,-2.4,-1.4,-3.5,-1.1
2005,21,1021,10,6,,0.625,0,379,338,41,-0.5,2.6,3.7,3.1,0.6
2005,22,1022,3,13,,0.188,0,235,398,-163,-4.9,-10.2,-6.2,-11.1,-0.9
2005,23,1023,11,5,,0.688,0,422,314,108,1.7,6.8,5.8,7.5,0.7
2005,23,1024,4,12,,0.25,0,240,355,-115,-1.2,-7.2,-5.2,-6.4,0.8
2005,31,1033,4,12,,0.25,0,290,383,-93,-1.6,-5.8,-1.2,-2.8,3
2005,24,1025,6,10,,0.375,0,310,388,-78,-1.7,-4.9,-0.7,-2.3,2.6
2005,25,1026,11,5,,0.688,1,389,258,131,4,8.2,3.8,7.8,-0.4
2005,32,1035,9,7,,0.563,0,418,312,106,2.9,6.6,7.1,9.9,3.3
2005,26,1027,4,12,,0.25,0,239,428,-189,-5.5,-11.8,-5.6,-11.1,0.7
2005,27,1028,13,3,,0.813,0,452,271,181,3.4,11.3,5.8,9.1,-2.2
2005,33,1036,6,10,,0.375,0,363,429,-66,-6.4,-4.1,1.3,-5.1,-1
2005,28,1029,11,5,,0.688,0,300,274,26,1.8,1.6,-2.8,-1,-2.6
2005,29,1030,4,12,,0.25,0,299,421,-122,-5.5,-7.6,-2,-7.6,0.1
2005,30,1034,10,6,,0.625,0,359,293,66,3.4,4.1,2.6,6,1.9
2004,1,1000,6,10,,0.375,0,284,322,-38,0.2,-2.4,-5.1,-4.9,-2.5
2004,2,1001,11,5,,0.688,0,340,337,3,-0.4,0.2,-1.8,-2.2,-2.4
2004,3,1002,9,7,,0.563,0,317,268,49,6.8,3.1,-0.6,6.1,3.1
2004,4,1003,9,7,,0.563,0,395,284,111,3.5,6.9,4.6,8.1,1.1
2004,5,1004,7,9,,0.438,0,355,339,16,0.1,1,-0.8,-0.7,-1.7
2004,6,1005,5,11,,0.313,0,231,331,-100,0.3,-6.3,-8.5,-8.2,-2
2004,7,1006,8,8,,0.5,0,374,372,2,-1.6,0.1,4.3,2.7,2.5
2004,8,1007,4,12,,0.25,0,276,390,-114,-1.9,-7.1,-1.5,-3.4,3.7
2004,9,1008,6,10,,0.375,0,293,405,-112,-4.8,-7,-3,-7.8,-0.8
2004,10,1009,10,6,,0.625,0,381,304,77,4.3,4.8,1.6,5.9,1
2004,11,1010,6,10,,0.375,0,296,350,-54,-1.4,-3.4,-3.8,-5.2,-1.8
2004,12,1011,10,6,,0.625,0,424,380,44,-4,2.8,4.3,0.3,-2.4
2004,13,1012,7,9,,0.438,0,309,339,-30,1.8,-1.9,-2.4,-0.6,1.2
2004,14,1013,12,4,,0.75,0,522,351,171,-0.3,10.7,11.7,11.4,0.7
2004,15,1014,9,7,,0.563,0,261,280,-19,6.4,-1.2,-5.7,0.8,1.9
2004,16,1015,7,9,,0.438,0,483,435,48,-4.7,3,10,5.3,2.3
2004,19,1019,4,12,,0.25,0,275,354,-79,0.5,-4.9,-2.7,-2.2,2.7
2004,20,1020,8,8,,0.5,0,405,395,10,-4.7,0.6,3,-1.7,-2.3
2004,21,1021,14,2,,0.875,1,437,260,177,6.5,11.1,6.4,12.8,1.8
2004,22,1022,8,8,,0.5,0,348,405,-57,-4.3,-3.6,-1.2,-5.6,-2
2004,23,1023,6,10,,0.375,0,303,347,-44,-1.6,-2.8,-2.3,-3.9,-1.2
2004,23,1024,10,6,,0.625,0,333,261,72,6,4.5,0.5,6.6,2.1
2004,31,1033,5,11,,0.313,0,320,442,-122,-3.7,-7.6,-0.6,-4.3,3.4
2004,24,1025,13,3,,0.813,0,386,260,126,3.5,7.9,2,5.6,-2.3
2004,25,1026,15,1,,0.938,0,372,251,121,5.6,7.6,3.4,9,1.4
2004,32,1035,12,4,,0.75,0,446,313,133,3,8.3,6.1,9.1,0.8
2004,26,1027,2,14,,0.125,0,259,452,-193,-8.6,-12.1,-5.1,-13.6,-1.6
2004,27,1028,9,7,,0.563,0,371,373,-2,-3.3,-0.1,0.4,-2.9,-2.8
2004,33,1036,8,8,,0.5,0,319,392,-73,-3.8,-4.6,-2.2,-6,-1.4
2004,28,1029,5,11,,0.313,0,301,304,-3,1.3,-0.2,-4,-2.7,-2.5
2004,29,1030,5,11,,0.313,0,344,439,-95,-4.6,-5.9,0.3,-4.4,1.5
2004,30,1034,6,10,,0.375,0,240,265,-25,4,-1.6,-7.4,-3.4,-1.8
2003,1,1000,4,12,,0.25,0,225,452,-227,-6.2,-14.2,-6.3,-12.6,1.6
2003,2,1001,5,11,,0.313,0,299,422,-123,-5.4,-7.7,-2,-7.4,0.3
2003,3,1002,10,6,,0.625,0,391,281,110,3,6.9,3.3,6.3,-0.6
2003,4,1003,6,10,,0.375,0,243,279,-36,4,-2.3,-5,-1,1.3
2003,5,1004,11,5,,0.688,0,325,304,21,0.6,1.3,-1.5,-0.9,-2.2
2003,6,1005,7,9,,0.438,0,283,346,-63,0.7,-3.9,-4.2,-3.5,0.4
2003,7,1006,8,8,,0.5,0,346,384,-38,-3.5,-2.4,1.1,-2.4,0
2003,8,1007,5,11,,0.313,0,254,322,-68,2.4,-4.3,-5.3,-2.9,1.3
2003,9,1008,10,6,,0.625,0,289,260,29,2.7,1.8,-3.2,-0.5,-2.3
2003,10,1009,10,6,,0.625,0,381,301,80,3.1,5,2.4,5.5,0.5
2003,11,1010,5,11,,0.313,0,270,379,-109,-1.6,-6.8,-4.3,-5.8,1
2003,12,1011,10,6,,0.625,0,442,307,135,1.9,8.4,6.2,8.1,-0.3
2003,13,1012,5,11,,0.313,0,255,380,-125,-1.5,-7.8,-4.4,-6,1.9
2003,14,1013,12,4,,0.75,0,447,336,111,-1.2,6.9,8.2,7,0
2003,15,1014,5,11,,0.313,0,276,331,-55,0.9,-3.4,-3.3,-2.4,1
2003,16,1015,13,3,,0.813,0,484,332,152,-0.9,9.5,9.2,8.3,-1.2
2003,19,1019,10,6,,0.625,0,311,261,50,4.1,3.1,-0.7,3.4,0.3
2003,20,1020,9,7,,0.563,0,416,353,63,-1.1,3.9,4,2.9,-1
2003,21,1021,14,2,,0.875,1,348,238,110,4.9,6.9,2.1,6.9,0.1
2003,22,1022,8,8,,0.5,0,340,326,14,-0.4,0.9,0.1,-0.3,-1.1
2003,23,1023,4,12,,0.25,0,243,387,-144,-3.7,-9,-4.8,-8.6,0.4
2003,23,1024,6,10,,0.375,0,283,299,-16,1.3,-1,-1.9,-0.6,0.4
2003,31,1033,4,12,,0.25,0,270,379,-109,-1.3,-6.8,-4.2,-5.5,1.3
2003,24,1025,12,4,,0.75,0,374,287,87,1.5,5.4,2.9,4.4,-1
2003,25,1026,6,10,,0.375,0,300,327,-27,1.4,-1.7,-2.5,-1.1,0.6
2003,32,1035,4,12,,0.25,0,313,441,-128,-6.2,-8,-0.6,-6.8,1.2
2003,26,1027,7,9,,0.438,0,384,337,47,0.1,2.9,3,3.1,0.1
2003,27,1028,10,6,,0.625,0,404,327,77,0.5,4.8,3.6,4.1,-0.7
2003,33,1036,12,4,,0.75,0,447,328,119,-0.2,7.4,6,5.9,-1.6
2003,28,1029,7,9,,0.438,0,301,264,37,4.5,2.3,-2.9,1.6,-0.7
2003,29,1030,12,4,,0.75,0,435,324,111,-0.5,6.9,7,6.5,-0.5
2003,30,1034,5,11,,0.313,0,287,372,-85,-3.8,-5.3,-1.9,-5.7,-0.4
2002,1,1000,5,11,0,0.313,0,262,417,-155,-4.5,-9.7,-5.4,-9.9,-0.2
2002,2,1001,9,6,1,0.594,0,402,314,88,1.5,5.5,3.5,5.1,-0.4
2002,3,1002,7,9,0,0.438,0,316,354,-38,-0.6,-2.4,-1.5,-2.1,0.3
2002,4,1003,8,8,0,0.5,0,379,397,-18,-2.3,-1.1,2.1,-0.3,0.9
2002,5,1004,7,9,0,0.438,0,258,302,-44,2.8,-2.8,-6,-3.3,-0.5
2002,6,1005,4,12,0,0.25,0,281,379,-98,-0.9,-6.1,-4.4,-5.3,0.9
2002,7,1006,2,14,0,0.125,0,279,456,-177,-6.9,-11.1,-3.6,-10.5,0.6
2002,8,1007,9,7,0,0.563,0,344,320,24,1.7,1.5,-0.4,1.2,-0.3
2002,9,1008,5,11,0,0.313,0,217,329,-112,-0.3,-7,-8.2,-8.5,-1.5
2002,10,1009,9,7,0,0.563,0,392,344,48,1.9,3,3,4.9,1.9
2002,11,1010,3,13,0,0.188,0,306,451,-145,-6.7,-9.1,-2.5,-9.2,-0.1
2002,12,1011,12,4,0,0.75,0,398,328,70,1.2,4.4,2.4,3.6,-0.8
2002,13,1012,4,12,0,0.25,0,213,356,-143,-1.1,-8.9,-8.4,-9.4,-0.5
2002,14,1013,10,6,0,0.625,0,349,313,36,0.7,2.3,0.4,1.2,-1.1
2002,15,1014,6,10,0,0.375,0,328,315,13,1.1,0.8,-1.3,-0.2,-1
2002,16,1015,8,8,0,0.5,0,467,399,68,-2.3,4.3,8.4,6.1,1.9
2002,19,1019,9,7,0,0.563,0,378,301,77,4.4,4.8,1.7,6.1,1.2
2002,20,1020,6,10,0,0.375,0,390,442,-52,-6.1,-3.3,3.1,-3,0.2
2002,21,1021,9,7,0,0.563,0,381,346,35,1.9,2.2,2.1,4,1.8
2002,22,1022,9,7,0,0.563,0,432,388,44,-3.3,2.8,5.8,2.4,-0.3
2002,23,1023,10,6,0,0.625,0,320,279,41,3,2.6,-2.2,0.8,-1.7
2002,23,1024,9,7,0,0.563,0,359,336,23,2.3,1.4,0.9,3.2,1.7
2002,31,1033,11,5,0,0.688,0,450,304,146,4.3,9.1,6.3,10.6,1.5
2002,24,1025,12,4,0,0.75,0,415,241,174,3.8,10.9,4.5,8.3,-2.6
2002,25,1026,10,5,1,0.656,0,390,345,45,-0.4,2.8,3.1,2.7,-0.1
2002,32,1035,8,8,0,0.5,0,333,367,-34,0.2,-2.1,-1,-0.7,1.4
2002,26,1027,10,6,0,0.625,0,367,351,16,-0.1,1,0.7,0.6,-0.4
2002,27,1028,7,9,0,0.438,0,355,369,-14,-1.2,-0.9,0,-1.3,-0.4
2002,33,1036,7,9,0,0.438,0,316,369,-53,-1.8,-3.3,-1.6,-3.3,0
2002,28,1029,12,4,0,0.75,1,346,196,150,9.8,9.4,-1,8.8,-0.6
2002,29,1030,11,5,0,0.688,0,367,324,43,0.1,2.7,1.6,1.8,-0.9
2002,30,1034,7,9,0,0.438,0,307,365,-58,-2.2,-3.6,-2.2,-4.5,-0.8
2001,1,1000,7,9,,0.438,0,295,343,-48,-2.6,-3,-1.5,-4.2,-1.2
2001,2,1001,7,9,,0.438,0,291,377,-86,-2,-5.4,-2.7,-4.7,0.7
2001,3,1002,10,6,,0.625,0,303,265,38,4,2.4,-0.8,3.2,0.8
2001,4,1003,3,13,,0.188,0,265,420,-155,-5.7,-9.7,-3.9,-9.5,0.2
2001,5,1004,1,15,,0.063,0,253,410,-157,-4.4,-9.8,-4.6,-8.9,0.9
2001,6,1005,13,3,,0.813,0,338,203,135,7.1,8.4,0.9,7.9,-0.5
2001,7,1006,6,10,,0.375,0,226,309,-83,1,-5.2,-4.5,-3.5,1.7
2001,8,1007,7,9,,0.438,0,285,319,-34,0.1,-2.1,-0.9,-0.8,1.3
2001,9,1008,5,11,,0.313,0,246,338,-92,-1.5,-5.8,-4.5,-6,-0.2
2001,10,1009,8,8,,0.5,0,340,339,1,-1,0.1,0.5,-0.5,-0.5
2001,11,1010,2,14,,0.125,0,270,424,-154,-5.2,-9.6,-2,-7.2,2.4
2001,12,1011,12,4,,0.75,0,390,266,124,2.6,7.8,4,6.6,-1.1
2001,14,1013,6,10,,0.375,0,413,486,-73,-9.8,-4.6,6.1,-3.8,0.8
2001,15,1014,6,10,,0.375,0,294,286,8,2,0.5,-1.1,0.9,0.4
2001,16,1015,6,10,,0.375,0,320,344,-24,-1,-1.5,-0.2,-1.2,0.3
2001,19,1019,11,5,,0.688,0,344,290,54,3.1,3.4,-0.3,2.7,-0.7
2001,20,1020,5,11,,0.313,0,290,390,-100,-3.9,-6.3,-0.8,-4.7,1.5
2001,21,1021,11,5,,0.688,1,371,272,99,3.1,6.2,1.2,4.3,-1.9
2001,22,1022,7,9,,0.438,0,333,409,-76,-4.7,-4.8,-0.1,-4.8,-0.1
2001,23,1023,7,9,,0.438,0,294,321,-27,0,-1.7,-1.8,-1.8,-0.1
2001,23,1024,10,6,,0.625,0,308,295,13,2.8,0.8,-2,0.8,0
2001,31,1033,10,6,,0.625,0,399,327,72,-0.4,4.5,4,3.6,-0.9
2001,24,1025,11,5,,0.688,0,343,208,135,6.8,8.4,0.9,7.7,-0.7
2001,25,1026,13,3,,0.813,0,352,212,140,5.8,8.8,1.5,7.4,-1.4
2001,32,1035,5,11,,0.313,0,332,321,11,-0.6,0.7,0.3,-0.3,-1
2001,26,1027,12,4,,0.75,0,409,282,127,2.7,7.9,4.2,6.8,-1.1
2001,27,1028,9,7,,0.563,0,301,324,-23,-0.4,-1.4,-1.4,-1.9,-0.4
2001,33,1036,14,2,,0.875,0,503,273,230,2.9,14.4,10.4,13.4,-1
2001,28,1029,9,7,,0.563,0,324,280,44,3.3,2.8,0.7,4,1.3
2001,29,1030,7,9,,0.438,0,336,388,-52,-4.4,-3.3,2.4,-2,1.2
2001,30,1034,8,8,,0.5,0,256,303,-47,0.4,-2.9,-4,-3.7,-0.7
2000,1,1000,3,13,,0.188,0,210,443,-233,-8.1,-14.6,-7.2,-15.2,-0.7
2000,2,1001,4,12,,0.25,0,252,413,-161,-2.9,-10.1,-5.7,-8.6,1.5
2000,3,1002,12,4,,0.75,1,333,165,168,8,10.5,0,8,-2.5
2000,4,1003,8,8,,0.5,0,315,350,-35,-0.5,-2.2,0.5,0,2.2
2000,5,1004,7,9,,0.438,0,310,310,0,2.5,0,-3.6,-1.1,-1.1
2000,6,1005,5,11,,0.313,0,216,355,-139,0.1,-8.7,-6.4,-6.3,2.4
2000,7,1006,4,12,,0.25,0,185,359,-174,-2.4,-10.9,-8.1,-10.5,0.4
2000,8,1007,3,13,,0.188,0,161,419,-258,-5.5,-16.1,-9.1,-14.6,1.5
2000,9,1008,5,11,,0.313,0,294,361,-67,-3,-4.2,-1.5,-4.6,-0.4
2000,10,1009,11,5,,0.688,0,485,369,116,-2.7,7.3,7.8,5,-2.2
2000,11,1010,9,7,,0.563,0,307,307,0,1.5,0,-0.1,1.4,1.4
2000,12,1011,9,7,,0.563,0,353,323,30,0.7,1.9,1.8,2.5,0.6
2000,14,1013,10,6,,0.625,0,429,326,103,0.8,6.4,7.1,7.9,1.5
2000,15,1014,7,9,,0.438,0,367,327,40,-2.1,2.5,3.2,1.1,-1.4
2000,16,1015,7,9,,0.438,0,355,354,1,0.6,0.1,0.1,0.6,0.6
2000,19,1019,11,5,,0.688,0,323,226,97,7.1,6.1,0,7.1,1
2000,20,1020,11,5,,0.688,0,397,371,26,-2.3,1.6,4.3,1.9,0.3
2000,21,1021,5,11,,0.313,0,276,338,-62,0.2,-3.9,-2.7,-2.5,1.4
2000,22,1022,10,6,,0.625,0,354,305,49,2.1,3.1,-1.2,0.9,-2.2
2000,23,1023,12,4,,0.75,0,328,246,82,3.8,5.1,-1.3,2.4,-2.7
2000,23,1024,9,7,,0.563,0,321,321,0,2.2,0,1.4,3.5,3.5
2000,31,1033,12,4,,0.75,0,479,299,180,1.8,11.3,8,9.7,-1.5
2000,24,1025,11,5,,0.688,0,351,245,106,2.1,6.6,1,3.1,-3.6
2000,25,1026,9,7,,0.563,0,321,255,66,3.3,4.1,0.6,3.9,-0.2
2000,32,1035,1,15,,0.063,0,269,440,-171,-4.4,-10.7,-3.7,-8.1,2.6
2000,26,1027,6,10,,0.375,0,388,422,-34,-5.5,-2.1,1.7,-3.8,-1.7
2000,27,1028,6,10,,0.375,0,320,405,-85,-2.3,-5.3,-1.4,-3.7,1.6
2000,33,1036,10,6,,0.625,0,540,471,69,-9.5,4.3,12.6,3.1,-1.2
2000,28,1029,10,6,,0.625,0,388,269,119,3.9,7.4,3.4,7.3,-0.1
2000,29,1030,13,3,,0.813,0,346,191,155,6.8,9.7,1.5,8.3,-1.3
2000,30,1034,8,8,,0.5,0,281,269,12,3.8,0.8,-2.9,1,0.2
1999,1,1000,6,10,,0.375,0,245,382,-137,-3.2,-8.6,-5.5,-8.8,-0.2
1999,2,1001,5,11,,0.313,0,285,380,-95,-3,-5.9,-4,-7.1,-1.1
1999,3,1002,8,8,,0.5,0,324,277,47,2.5,2.9,-1.6,0.9,-2
1999,4,1003,11,5,,0.688,0,320,229,91,7.4,5.7,-0.2,7.1,1.5
1999,5,1004,8,8,,0.5,0,421,381,40,-4,2.5,3,-1.1,-3.6
1999,6,1005,6,10,,0.375,0,272,341,-69,1,-4.3,-3,-2,2.3
1999,7,1006,4,12,,0.25,0,283,460,-177,-8.2,-11.1,-3.3,-11.5,-0.5
1999,8,1007,2,14,,0.125,0,217,437,-220,-6.5,-13.8,-7.6,-14.1,-0.3
1999,9,1008,8,8,,0.5,0,352,276,76,3.4,4.8,-0.3,3.1,-1.6
1999,10,1009,6,10,,0.375,0,314,318,-4,2.4,-0.3,1,3.4,3.6
1999,11,1010,8,8,,0.5,0,322,323,-1,1.8,-0.1,0.1,1.9,2
1999,12,1011,8,8,,0.5,0,357,341,16,-0.9,1,2.5,1.6,0.6
1999,14,1013,13,3,,0.813,0,423,333,90,-0.5,5.6,6.6,6.1,0.5
1999,15,1014,14,2,,0.875,0,396,217,179,5.1,11.2,1.3,6.4,-4.8
1999,16,1015,9,7,,0.563,0,390,322,68,1.3,4.3,5.5,6.8,2.6
1999,19,1019,9,7,,0.563,0,326,336,-10,0.7,-0.6,1.2,1.9,2.5
1999,20,1020,10,6,,0.625,0,399,335,64,-0.8,4,5.2,4.4,0.4
1999,21,1021,8,8,,0.5,0,299,284,15,3.2,0.9,-1,2.2,1.3
1999,22,1022,3,13,,0.188,0,260,434,-174,-6.9,-10.9,-5.3,-12.1,-1.3
1999,23,1023,7,9,,0.438,0,299,358,-59,-1.2,-3.7,-1.8,-3,0.7
1999,23,1024,8,8,,0.5,0,308,309,-1,2.9,-0.1,0.2,3.1,3.1
1999,31,1033,8,8,,0.5,0,390,329,61,1,3.8,5.7,6.8,2.9
1999,24,1025,5,11,,0.313,0,272,357,-85,-0.9,-5.3,-3.3,-4.2,1.1
1999,25,1026,6,10,,0.375,0,317,320,-3,-0.2,-0.2,-2.2,-2.4,-2.2
1999,32,1035,8,8,,0.5,0,269,316,-47,2.9,-2.9,-3.9,-1,2
1999,26,1027,4,12,,0.25,0,295,453,-158,-6.8,-9.9,-4.5,-11.3,-1.5
1999,27,1028,9,7,,0.563,0,338,298,40,2.6,2.5,1.9,4.5,2
1999,33,1036,13,3,,0.813,1,526,242,284,3.2,17.8,8.7,11.9,-5.9
1999,28,1029,11,5,,0.688,0,270,235,35,6.7,2.2,-4.1,2.6,0.4
1999,29,1030,13,3,,0.813,0,392,324,68,-1,4.3,2,1,-3.2
1999,30,1034,10,6,,0.625,0,443,377,66,-3.9,4.1,6.8,2.9,-1.3
1998,1,1000,9,7,,0.563,0,325,378,-53,-5.8,-3.3,-1.6,-7.4,-4.1
1998,2,1001,14,2,,0.875,0,442,289,153,3,9.6,7,10,0.4
1998,3,1002,6,10,,0.375,0,269,335,-66,-0.2,-4.1,-5.2,-5.4,-1.3
1998,4,1003,10,6,,0.625,0,400,333,67,0.7,4.2,4.4,5.2,1
1998,5,1004,4,12,,0.25,0,336,413,-77,-2.4,-4.8,1,-1.3,3.5
1998,6,1005,4,12,,0.25,0,276,368,-92,-0.3,-5.8,-3.4,-3.7,2
1998,7,1006,3,13,,0.188,0,268,452,-184,-6.5,-11.5,-4.5,-11,0.5
1998,9,1008,10,6,,0.625,0,381,275,106,2.6,6.6,0.9,3.5,-3.1
1998,10,1009,14,2,,0.875,1,501,309,192,-0.6,12,9.5,8.9,-3.1
1998,11,1010,5,11,,0.313,0,306,378,-72,-1.5,-4.5,-1.9,-3.4,1.1
1998,12,1011,11,5,,0.688,0,408,319,89,0.7,5.6,4.3,5,-0.6
1998,14,1013,3,13,,0.188,0,310,444,-134,-5.3,-8.4,-0.1,-5.4,3
1998,15,1014,11,5,,0.688,0,392,338,54,-0.6,3.4,3.1,2.5,-0.9
1998,16,1015,7,9,,0.438,0,327,363,-36,-2.4,-2.3,-0.7,-3.1,-0.8
1998,19,1019,10,6,,0.625,0,321,265,56,6.5,3.5,-0.7,5.9,2.4
1998,20,1020,15,1,,0.938,0,556,296,260,1.6,16.3,13.2,14.9,-1.4
1998,21,1021,9,7,,0.563,0,337,329,8,2.8,0.5,1.1,3.9,3.4
1998,22,1022,6,10,,0.375,0,305,359,-54,1.6,-3.4,-1.5,0.1,3.5
1998,23,1023,8,8,,0.5,0,287,309,-22,1.1,-1.4,-4.3,-3.2,-1.9
1998,23,1024,12,4,,0.75,0,416,266,150,5.8,9.4,5.4,11.2,1.8
1998,31,1033,8,8,,0.5,0,288,356,-68,-1.5,-4.3,-4.1,-5.6,-1.4
1998,24,1025,3,13,,0.188,0,161,344,-183,-0.5,-11.4,-12.3,-12.8,-1.3
1998,25,1026,7,9,,0.438,0,263,303,-40,1.3,-2.5,-5.1,-3.8,-1.3
1998,32,1035,5,11,,0.313,0,241,342,-101,-0.7,-6.3,-7.7,-8.4,-2.1
1998,26,1027,12,4,,0.75,0,479,328,151,1.8,9.4,8.8,10.6,1.2
1998,27,1028,8,8,,0.5,0,372,310,62,0.6,3.9,0.9,1.5,-2.4
1998,33,1036,4,12,,0.25,0,285,378,-93,0,-5.8,-2.3,-2.3,3.5
1998,28,1029,8,8,,0.5,0,314,295,19,3.5,1.2,-2.3,1.3,0.1
1998,29,1037,8,8,,0.5,0,330,320,10,0.5,0.6,-0.5,0,-0.6
1998,30,1034,6,10,,0.375,0,319,421,-102,-6,-6.4,-1.5,-7.5,-1.1
1997,1,1000,4,12,0,0.25,0,283,379,-96,-3.8,-6,-2.6,-6.4,-0.4
1997,2,1001,7,9,0,0.438,0,320,361,-41,-2.9,-2.6,-1.2,-4.2,-1.6
1997,3,1002,6,9,1,0.406,0,326,345,-19,-0.2,-1.2,-0.4,-0.6,0.6
1997,4,1003,6,10,0,0.375,0,255,367,-112,-0.5,-7,-4,-4.5,2.5
1997,5,1004,7,9,0,0.438,0,265,314,-49,0.8,-3.1,-4.4,-3.6,-0.5
1997,6,1005,4,12,0,0.25,0,263,421,-158,-5.3,-9.9,-3.1,-8.5,1.4
1997,7,1006,7,9,0,0.438,0,355,405,-50,-4,-3.1,1.8,-2.2,1
1997,9,1008,6,10,0,0.375,0,304,314,-10,1,-0.6,-1.7,-0.8,-0.1
1997,10,1009,12,4,0,0.75,1,472,287,185,2.6,11.6,8.1,10.7,-0.9
1997,11,1010,9,7,0,0.563,0,379,306,73,0.9,4.6,3,4,-0.6
1997,12,1011,13,3,0,0.813,0,422,282,140,2.4,8.8,5.3,7.7,-1.1
1997,14,1013,3,13,0,0.188,0,313,401,-88,-3.8,-5.5,-0.6,-4.3,1.2
1997,15,1014,11,5,0,0.688,0,394,318,76,1,4.8,4.4,5.5,0.7
1997,16,1015,13,3,0,0.813,0,375,232,143,6.6,8.9,1.8,8.4,-0.5
1997,19,1019,9,7,0,0.563,0,339,327,12,0.3,0.8,1,1.3,0.6
1997,20,1020,9,7,0,0.563,0,354,359,-5,-1.8,-0.3,1.7,-0.1,0.2
1997,21,1021,10,6,0,0.625,0,369,289,80,3,5,2.3,5.3,0.3
1997,22,1022,6,10,0,0.375,0,237,327,-90,-0.6,-5.6,-6.8,-7.4,-1.8
1997,23,1023,10,5,1,0.656,0,307,265,42,3.3,2.6,-1.8,1.5,-1.1
1997,23,1024,9,7,0,0.563,0,348,287,61,2.8,3.8,0.1,2.9,-0.9
1997,31,1033,4,12,0,0.25,0,324,419,-95,-5,-5.9,-0.1,-5.1,0.8
1997,24,1025,6,9,1,0.406,0,317,372,-55,-2.3,-3.4,-0.7,-3,0.5
1997,25,1026,11,5,0,0.688,0,372,307,65,2.6,4.1,2.7,5.3,1.3
1997,32,1035,4,12,0,0.25,0,266,425,-159,-4.8,-9.9,-4.1,-8.9,1
1997,26,1027,13,3,0,0.813,0,375,265,110,2.7,6.9,2.4,5.1,-1.8
1997,27,1028,8,8,0,0.5,0,365,362,3,-1.7,0.2,1.8,0.1,0
1997,33,1036,5,11,0,0.313,0,299,359,-60,-2.2,-3.8,-1.8,-4,-0.2
1997,28,1029,10,6,0,0.625,0,299,263,36,5.1,2.3,-2.4,2.7,0.5
1997,29,1037,8,8,0,0.5,0,333,310,23,1.9,1.4,-0.3,1.7,0.2
1997,30,1034,8,7,1,0.531,0,327,289,38,1.8,2.4,-0.6,1.3,-1.1
1996,1,1000,7,9,,0.438,0,300,397,-97,-5.8,-6.1,-1.7,-7.5,-1.4
1996,2,1001,3,13,,0.188,0,309,461,-152,-8.9,-9.5,-0.2,-9.1,0.4
1996,3,1002,4,12,,0.25,0,371,441,-70,-6.8,-4.4,3.9,-2.9,1.4
1996,4,1003,10,6,,0.625,0,319,266,53,3.9,3.3,-1,2.9,-0.4
1996,5,1004,12,4,,0.75,0,367,218,149,5.6,9.3,1.4,7.1,-2.3
1996,6,1005,7,9,,0.438,0,283,305,-22,1.2,-1.4,-1.4,-0.2,1.1
1996,7,1006,8,8,,0.5,0,372,369,3,-2.6,0.2,2.5,-0.1,-0.3
1996,9,1008,10,6,,0.625,0,286,250,36,5.3,2.3,-2.9,2.4,0.1
1996,10,1009,13,3,,0.813,0,391,275,116,3.9,7.3,3.7,7.6,0.3
1996,11,1010,5,11,,0.313,0,302,368,-66,-2.5,-4.1,-0.4,-2.9,1.2
1996,12,1011,13,3,,0.813,1,456,210,246,6.6,15.4,8.7,15.3,-0.1
1996,13,1038,8,8,,0.5,0,345,319,26,0.8,1.6,0.1,1,-0.7
1996,14,1013,9,7,,0.563,0,317,334,-17,0.2,-1.1,-1.8,-1.6,-0.6
1996,15,1014,9,7,,0.563,0,325,335,-10,0.1,-0.6,-1.6,-1.5,-0.9
1996,16,1015,9,7,,0.563,0,297,300,-3,2.5,-0.2,-0.7,1.8,2
1996,19,1019,8,8,,0.5,0,339,325,14,-0.4,0.9,0.6,0.3,-0.6
1996,20,1020,9,7,,0.563,0,298,315,-17,0.7,-1.1,-0.9,-0.1,0.9
1996,21,1021,11,5,,0.688,0,418,313,105,0.2,6.6,4.9,5.1,-1.5
1996,22,1022,3,13,,0.188,0,229,339,-110,-1,-6.9,-7.1,-8.1,-1.2
1996,23,1023,6,10,,0.375,0,242,297,-55,1.5,-3.4,-5.7,-4.1,-0.7
1996,23,1024,1,15,,0.063,0,279,454,-175,-7.6,-10.9,-2.5,-10.1,0.8
1996,31,1033,7,9,,0.438,0,340,293,47,2.1,2.9,0.3,2.4,-0.5
1996,24,1025,10,6,,0.625,0,363,341,22,-1.6,1.4,2.1,0.6,-0.8
1996,25,1026,10,6,,0.625,0,344,257,87,5.1,5.4,0,5.2,-0.3
1996,32,1035,8,8,,0.5,0,310,376,-66,-2.1,-4.1,0.4,-1.8,2.4
1996,26,1027,12,4,,0.75,0,398,257,141,4.3,8.8,3.7,8,-0.8
1996,27,1028,7,9,,0.438,0,317,376,-59,-2.6,-3.7,1,-1.7,2
1996,33,1036,6,10,,0.375,0,303,409,-106,-4.6,-6.6,-1.7,-6.3,0.3
1996,28,1029,6,10,,0.375,0,221,293,-72,2.9,-4.5,-5.9,-3,1.5
1996,30,1034,9,7,,0.563,0,364,312,52,-0.4,3.3,2.3,1.8,-1.4
1995,1,1000,4,12,,0.25,0,275,422,-147,-4,-9.2,-3.5,-7.5,1.7
1995,2,1001,9,7,,0.563,0,362,349,13,-0.9,0.8,0.9,0.1,-0.7
1995,4,1003,10,6,,0.625,0,350,335,15,-0.4,0.9,-0.5,-0.9,-1.8
1995,5,1004,7,9,,0.438,0,289,325,-36,0.3,-2.3,-4.1,-3.8,-1.5
1995,6,1005,9,7,,0.563,0,392,360,32,-0.8,2,3.1,2.3,0.3
1995,7,1006,7,9,,0.438,0,349,374,-25,-1.9,-1.6,0.1,-1.7,-0.2
1995,8,1007,5,11,,0.313,0,289,356,-67,-0.6,-4.2,-3.2,-3.8,0.4
1995,9,1008,12,4,,0.75,1,435,291,144,3.5,9,6.2,9.7,0.7
1995,10,1009,8,8,,0.5,0,388,345,43,-0.2,2.7,3.3,3.1,0.4
1995,11,1010,10,6,,0.625,0,436,336,100,1,6.3,5.9,6.9,0.6
1995,12,1011,11,5,,0.688,0,404,314,90,2.5,5.6,3.5,6,0.4
1995,13,1038,7,9,,0.438,0,348,324,24,0.9,1.5,-0.1,0.8,-0.7
1995,14,1013,9,7,,0.563,0,331,316,15,0.4,0.9,-1.8,-1.3,-2.3
1995,15,1014,4,12,,0.25,0,275,404,-129,-3.7,-8.1,-4.4,-8.1,0
1995,16,1015,13,3,,0.813,0,358,241,117,6.9,7.3,0.8,7.6,0.3
1995,19,1019,9,7,,0.563,0,398,332,66,-0.4,4.1,3.1,2.7,-1.4
1995,20,1020,8,8,,0.5,0,412,385,27,-1.4,1.7,5.1,3.7,2
1995,21,1021,6,10,,0.375,0,294,377,-83,-2.6,-5.2,-2.8,-5.4,-0.2
1995,22,1022,7,9,,0.438,0,319,348,-29,-0.4,-1.8,-1.7,-2.2,-0.3
1995,23,1023,5,11,,0.313,0,290,340,-50,1.1,-3.1,-2.6,-1.5,1.6
1995,23,1024,3,13,,0.188,0,233,384,-151,-3.3,-9.4,-7.9,-11.2,-1.7
1995,31,1033,8,8,,0.5,0,348,332,16,1,1,1.1,2.1,1.1
1995,24,1025,10,6,,0.625,0,318,338,-20,0.2,-1.3,-1.9,-1.7,-0.5
1995,25,1026,11,5,,0.688,0,407,327,80,1.2,5,3.4,4.6,-0.4
1995,32,1035,9,7,,0.563,0,321,323,-2,2.1,-0.1,-0.6,1.5,1.6
1995,26,1027,11,5,,0.688,0,457,258,199,5.3,12.4,6.5,11.8,-0.7
1995,27,1028,8,8,,0.5,0,363,366,-3,-2.2,-0.2,1.6,-0.6,-0.4
1995,33,1036,7,9,,0.438,0,309,418,-109,-4.6,-6.8,-1.8,-6.4,0.4
1995,28,1029,7,9,,0.438,0,238,335,-97,1.9,-6.1,-6.9,-5,1.1
1995,30,1034,6,10,,0.375,0,326,359,-33,-1.2,-2.1,-0.8,-1.9,0.1
1994,1,1000,8,8,,0.5,0,235,267,-32,3.3,-2,-5.6,-2.3,-0.3
1994,2,1001,7,9,,0.438,0,317,385,-68,-3.1,-4.3,-1.2,-4.3,0
1994,4,1003,7,9,,0.438,0,340,356,-16,-1.8,-1,1.5,-0.2,0.8
1994,6,1005,9,7,,0.563,0,271,307,-36,1.3,-2.3,-3.2,-1.9,0.3
1994,7,1006,3,13,,0.188,0,276,406,-130,-5.4,-8.1,-1.6,-6.9,1.2
1994,8,1007,11,5,,0.688,0,340,204,136,6.1,8.5,1.2,7.3,-1.2
1994,9,1008,12,4,,0.75,0,414,248,166,4.5,10.4,5.6,10.1,-0.3
1994,10,1009,7,9,,0.438,0,347,396,-49,-4.6,-3.1,1.3,-3.3,-0.3
1994,11,1010,9,7,,0.563,0,357,342,15,-0.4,0.9,2.8,2.4,1.4
1994,12,1011,9,7,,0.563,0,382,287,95,2.2,5.9,3.8,6,0.1
1994,13,1038,2,14,,0.125,0,226,352,-126,-2.6,-7.9,-4.7,-7.3,0.6
1994,14,1013,8,8,,0.5,0,307,320,-13,-0.2,-0.8,-1.3,-1.5,-0.7
1994,16,1015,9,7,,0.563,0,319,298,21,2.1,1.3,-1.3,0.9,-0.4
1994,18,1039,9,7,,0.563,0,303,327,-24,0.3,-1.5,-1.9,-1.6,-0.1
1994,18,1018,4,12,,0.25,0,286,365,-79,-2.1,-4.9,-3.2,-5.3,-0.3
1994,19,1019,10,6,,0.625,0,389,327,62,-0.3,3.9,4.5,4.2,0.3
1994,20,1020,10,6,,0.625,0,356,314,42,0.8,2.6,2.4,3.2,0.6
1994,21,1021,10,6,,0.625,0,351,312,39,1.3,2.4,1.9,3.2,0.8
1994,22,1022,7,9,,0.438,0,348,407,-59,-4.6,-3.7,1,-3.6,0.1
1994,23,1023,9,7,,0.563,0,279,305,-26,1,-1.6,-2.7,-1.7,-0.1
1994,23,1024,6,10,,0.375,0,264,320,-56,1.5,-3.5,-3.7,-2.2,1.3
1994,24,1025,7,9,,0.438,0,308,308,0,1,0,-0.4,0.6,0.6
1994,25,1026,12,4,,0.75,0,316,234,82,5,5.1,-0.2,4.7,-0.4
1994,32,1035,11,5,,0.688,0,381,306,75,0.7,4.7,2.9,3.6,-1.1
1994,26,1027,13,3,,0.813,1,505,296,209,1.7,13.1,9.9,11.6,-1.4
1994,27,1028,6,10,,0.375,0,287,323,-36,-0.6,-2.3,-2.8,-3.4,-1.2
1994,28,1029,6,10,,0.375,0,251,351,-100,-0.8,-6.3,-5.4,-6.2,0
1994,30,1034,3,13,,0.188,0,320,412,-92,-6.4,-5.8,0.3,-6.1,-0.3
1993,2,1001,6,10,,0.375,0,316,385,-69,-5.2,-4.3,0.8,-4.4,-0.1
1993,4,1003,12,4,,0.75,0,329,242,87,3,5.4,1.8,4.8,-0.6
1993,6,1005,7,9,,0.438,0,234,230,4,4.3,0.3,-4.6,-0.2,-0.5
1993,7,1006,3,13,,0.188,0,187,319,-132,-1,-8.3,-7.4,-8.4,-0.2
1993,8,1007,7,9,,0.438,0,304,307,-3,-0.6,-0.2,-0.6,-1.2,-1
1993,9,1008,12,4,,0.75,1,376,229,147,4.7,9.2,4.9,9.6,0.4
1993,10,1009,9,7,,0.563,0,373,284,89,0.4,5.6,4.6,5,-0.5
1993,11,1010,10,6,,0.625,0,298,292,6,0,0.4,-0.3,-0.3,-0.7
1993,12,1011,9,7,,0.563,0,340,282,58,0.5,3.6,2.7,3.2,-0.4
1993,13,1038,12,4,,0.75,0,368,238,130,3.1,8.1,4.1,7.2,-0.9
1993,14,1013,4,12,,0.25,0,189,378,-189,-5.1,-11.8,-6.2,-11.3,0.5
1993,16,1015,11,5,,0.688,0,328,291,37,1,2.3,1.9,2.9,0.6
1993,18,1039,10,6,,0.625,0,306,326,-20,-1.7,-1.3,1.1,-0.7,0.6
1993,18,1018,5,11,,0.313,0,221,367,-146,-3.4,-9.1,-5,-8.4,0.7
1993,19,1019,9,7,,0.563,0,349,351,-2,-4.3,-0.1,3.9,-0.5,-0.3
1993,20,1020,9,7,,0.563,0,277,290,-13,1.2,-0.8,-1.3,-0.1,0.7
1993,21,1021,5,11,,0.313,0,238,286,-48,0.3,-3,-4,-3.8,-0.8
1993,22,1022,8,8,,0.5,0,317,343,-26,-2.1,-1.6,0.7,-1.3,0.3
1993,23,1023,11,5,,0.688,0,288,205,83,5.4,5.2,-0.8,4.6,-0.5
1993,23,1024,8,8,,0.5,0,270,247,23,2.9,1.4,-2.1,0.8,-0.6
1993,24,1025,8,8,,0.5,0,293,315,-22,-0.3,-1.4,0.7,0.4,1.8
1993,1,1040,7,9,,0.438,0,326,269,57,2.1,3.6,1.9,3.9,0.4
1993,25,1026,9,7,,0.563,0,308,281,27,1.5,1.7,0.1,1.5,-0.2
1993,32,1035,8,8,,0.5,0,322,290,32,1.1,2,1.1,2.3,0.3
1993,26,1027,10,6,,0.625,0,473,295,178,-0.3,11.1,9.9,9.7,-1.5
1993,27,1028,6,10,,0.375,0,280,314,-34,-0.5,-2.1,-0.8,-1.2,0.9
1993,28,1029,5,11,,0.313,0,237,376,-139,-4.3,-8.7,-3.3,-7.6,1.1
1993,30,1034,4,12,,0.25,0,230,345,-115,-2.7,-7.2,-3.8,-6.5,0.7
1992,2,1001,6,10,,0.375,0,327,414,-87,-6.4,-5.4,2.3,-4.1,1.4
1992,4,1003,11,5,,0.688,0,381,283,98,-0.4,6.1,4.7,4.3,-1.9
1992,6,1005,5,11,,0.313,0,295,361,-66,-3.3,-4.1,-0.2,-3.5,0.6
1992,7,1006,5,11,,0.313,0,274,364,-90,-5.7,-5.6,-0.9,-6.6,-1
1992,8,1007,7,9,,0.438,0,272,275,-3,1,-0.2,-2,-1,-0.8
1992,9,1008,13,3,,0.813,1,409,243,166,3.6,10.4,6.4,10,-0.4
1992,10,1009,8,8,,0.5,0,262,329,-67,-1.9,-4.2,-1.4,-3.4,0.8
1992,11,1010,5,11,,0.313,0,273,332,-59,-1.1,-3.7,-0.7,-1.9,1.8
1992,12,1011,9,7,,0.563,0,276,296,-20,1,-1.3,-2.6,-1.6,-0.3
1992,13,1038,10,6,,0.625,0,352,258,94,2.6,5.9,3,5.5,-0.3
1992,14,1013,9,7,,0.563,0,216,302,-86,-1,-5.4,-6,-7,-1.6
1992,16,1015,10,6,,0.625,0,348,282,66,-0.2,4.1,3.7,3.4,-0.7
1992,18,1039,7,9,,0.438,0,249,281,-32,1.5,-2,-3.2,-1.6,0.4
1992,18,1018,6,10,,0.375,0,313,383,-70,-4,-4.4,1.1,-2.9,1.5
1992,19,1019,11,5,,0.688,0,340,281,59,-0.6,3.7,2.1,1.5,-2.2
1992,20,1020,11,5,,0.688,0,374,249,125,3.3,7.8,4.4,7.7,-0.1
1992,21,1021,2,14,,0.125,0,205,363,-158,-4.5,-9.9,-6.5,-11,-1.1
1992,22,1022,12,4,,0.75,0,330,202,128,7.1,8,0.7,7.8,-0.2
1992,23,1023,6,10,,0.375,0,306,367,-61,-3.4,-3.8,1.6,-1.8,2
1992,23,1024,4,12,,0.25,0,220,315,-95,-0.9,-5.9,-6,-6.9,-0.9
1992,24,1025,11,5,,0.688,0,354,245,109,4.1,6.8,4.8,8.9,2.1
1992,1,1040,4,12,,0.25,0,243,332,-89,-0.1,-5.6,-2.9,-3.1,2.5
1992,25,1026,11,5,,0.688,0,299,225,74,4,4.6,-0.4,3.6,-1
1992,32,1035,11,5,,0.688,0,335,241,94,1.3,5.9,1.9,3.1,-2.8
1992,26,1027,14,2,,0.875,0,431,236,195,4.5,12.2,7.3,11.8,-0.4
1992,27,1028,2,14,,0.125,0,140,312,-172,-0.2,-10.8,-9.8,-10,0.8
1992,28,1029,5,11,,0.313,0,267,365,-98,-3.9,-6.1,-2,-5.9,0.3
1992,30,1034,9,7,,0.563,0,300,255,45,3.8,2.8,0.7,4.4,1.6
1991,2,1001,10,6,,0.625,0,361,338,23,-1.3,1.4,4.7,3.4,2
1991,4,1003,13,3,,0.813,0,458,318,140,-4.1,8.8,7.6,3.6,-5.2
1991,6,1005,11,5,,0.688,0,299,269,30,2,1.9,-1.2,0.8,-1
1991,7,1006,3,13,,0.188,0,263,435,-172,-6.9,-10.8,-1.8,-8.7,2.1
1991,8,1007,6,10,,0.375,0,293,298,-5,0.4,-0.3,-0.7,-0.4,0
1991,9,1008,11,5,,0.688,0,342,310,32,0.8,2,3.7,4.4,2.4
1991,10,1009,12,4,,0.75,0,304,235,69,3.1,4.3,0.3,3.4,-0.9
1991,11,1010,12,4,,0.75,0,339,295,44,0,2.8,0.9,1,-1.8
1991,12,1011,4,12,,0.25,0,273,313,-40,-1.4,-2.5,-3.3,-4.8,-2.3
1991,13,1038,11,5,,0.688,0,386,251,135,3.4,8.4,4.9,8.4,-0.1
1991,14,1013,1,15,,0.063,0,143,381,-238,-5.7,-14.9,-11.5,-17.3,-2.4
1991,16,1015,10,6,,0.625,0,322,252,70,4.5,4.4,1.8,6.4,2
1991,18,1039,9,7,,0.563,0,298,297,1,1.1,0.1,0.3,1.4,1.3
1991,18,1018,3,13,,0.188,0,234,390,-156,-3.4,-9.8,-2.6,-6,3.7
1991,19,1019,8,8,,0.5,0,343,349,-6,-4.8,-0.4,0.7,-4.1,-3.7
1991,20,1020,8,8,,0.5,0,301,306,-5,-1.8,-0.3,-0.2,-2,-1.7
1991,21,1021,6,10,,0.375,0,211,305,-94,-0.8,-5.9,-7.9,-8.7,-2.8
1991,22,1022,11,5,,0.688,0,341,211,130,6.3,8.1,2.8,9,0.9
1991,23,1023,8,8,,0.5,0,281,297,-16,1.5,-1,-0.6,1,2
1991,23,1024,8,8,,0.5,0,314,293,21,-1.2,1.3,-1.2,-2.4,-3.8
1991,24,1025,10,6,,0.625,0,285,244,41,5,2.6,-0.3,4.7,2.1
1991,1,1040,4,12,,0.25,0,196,344,-148,-0.5,-9.3,-4.9,-5.4,3.8
1991,25,1026,7,9,,0.438,0,292,344,-52,-2.2,-3.3,-0.8,-2.9,0.3
1991,32,1035,4,12,,0.25,0,274,342,-68,-1.7,-4.3,-0.6,-2.2,2
1991,26,1027,10,6,,0.625,0,393,239,154,4.3,9.6,6.6,10.9,1.2
1991,27,1028,7,9,,0.438,0,276,261,15,2.7,0.9,-1.5,1.2,0.2
1991,28,1029,3,13,,0.188,0,199,365,-166,-4.2,-10.4,-7,-11.1,-0.8
1991,30,1034,14,2,,0.875,1,485,224,261,4.9,16.3,11.7,16.6,0.3
1990,2,1001,5,11,,0.313,0,348,365,-17,-3.1,-1.1,0.9,-2.1,-1.1
1990,4,1003,13,3,,0.813,0,428,263,165,2.9,10.3,5.7,8.6,-1.7
1990,6,1005,11,5,,0.688,0,348,280,68,3.3,4.3,0.1,3.4,-0.8
1990,7,1006,9,7,,0.563,0,360,352,8,-3,0.5,1.9,-1.1,-1.6
1990,8,1007,3,13,,0.188,0,228,462,-234,-7.8,-14.6,-5.2,-13,1.7
1990,9,1008,7,9,,0.438,0,244,308,-64,1.1,-4,-4.8,-3.7,0.3
1990,10,1009,5,11,,0.313,0,331,374,-43,-2.9,-2.7,2.1,-0.8,1.9
1990,11,1010,6,10,,0.375,0,373,413,-40,-5.9,-2.5,4.2,-1.6,0.9
1990,12,1011,6,10,,0.375,0,271,347,-76,-0.4,-4.8,-3.7,-4.1,0.6
1990,13,1038,9,7,,0.563,0,405,307,98,0.3,6.1,4.9,5.2,-0.9
1990,14,1013,7,9,,0.438,0,281,353,-72,-1.2,-4.5,-2.7,-3.9,0.6
1990,16,1015,11,5,,0.688,0,369,257,112,4.1,7,2.7,6.7,-0.3
1990,18,1039,12,4,,0.75,0,337,268,69,4.4,4.3,2.2,6.6,2.2
1990,18,1018,5,11,,0.313,0,345,412,-67,-6.5,-4.2,2.3,-4.2,-0.1
1990,19,1019,12,4,,0.75,0,336,242,94,4.2,5.9,0.5,4.7,-1.2
1990,20,1020,6,10,,0.375,0,351,326,25,-0.2,1.6,2.6,2.4,0.9
1990,21,1021,1,15,,0.063,0,181,446,-265,-7.1,-16.6,-7.5,-14.6,2
1990,22,1022,8,8,,0.5,0,274,275,-1,3.4,-0.1,-4.7,-1.3,-1.2
1990,23,1023,13,3,,0.813,1,335,211,124,7.6,7.8,0,7.7,-0.1
1990,23,1024,6,10,,0.375,0,295,345,-50,-2.6,-3.1,-2,-4.6,-1.5
1990,24,1025,10,6,,0.625,0,396,299,97,1.1,6.1,4.5,5.6,-0.5
1990,1,1040,5,11,,0.313,0,268,396,-128,-4.8,-8,-1.9,-6.7,1.3
1990,25,1026,9,7,,0.563,0,292,240,52,5,3.3,-3.4,1.6,-1.6
1990,32,1035,6,10,,0.375,0,315,281,34,2.5,2.1,-0.1,2.3,0.2
1990,26,1027,14,2,,0.875,0,353,239,114,4.6,7.1,1.2,5.8,-1.4
1990,27,1028,9,7,,0.563,0,306,286,20,3.3,1.3,-0.5,2.7,1.5
1990,28,1029,6,10,,0.375,0,264,367,-103,-3.2,-6.4,-4,-7.1,-0.7
1990,30,1034,10,6,,0.625,0,381,301,80,0.8,5,4.6,5.4,0.4
1989,2,1001,3,13,0,0.188,0,279,437,-158,-5.9,-9.9,-3.2,-9.1,0.8
1989,4,1003,9,7,0,0.563,0,409,317,92,0.5,5.8,3.8,4.3,-1.4
1989,6,1005,6,10,0,0.375,0,358,377,-19,-1.8,-1.2,1.8,0,1.2
1989,7,1006,8,8,0,0.5,0,404,285,119,2.4,7.4,4.6,6.9,-0.5
1989,8,1007,9,6,1,0.594,0,334,254,80,4.6,5,-0.2,4.4,-0.6
1989,9,1008,1,15,0,0.063,0,204,393,-189,-2.8,-11.8,-7.6,-10.4,1.4
1989,10,1009,11,5,0,0.688,0,362,226,136,5.7,8.5,3.7,9.3,0.8
1989,11,1010,7,9,0,0.438,0,312,364,-52,-1.8,-3.3,-1.7,-3.5,-0.2
1989,12,1011,10,6,0,0.625,0,362,356,6,-2,0.4,1,-1,-1.3
1989,13,1038,9,7,0,0.563,0,365,412,-47,-5.3,-2.9,2.8,-2.5,0.4
1989,14,1013,8,8,0,0.5,0,298,301,-3,2.2,-0.2,-2.7,-0.5,-0.3
1989,16,1015,8,7,1,0.531,0,318,286,32,2.1,2,-0.1,2,0
1989,18,1039,8,8,0,0.5,0,315,297,18,1.9,1.1,0,1.8,0.7
1989,18,1018,11,5,0,0.688,0,426,344,82,-1.1,5.1,5.7,4.6,-0.5
1989,19,1019,8,8,0,0.5,0,331,379,-48,-4.2,-3,-0.6,-4.8,-1.8
1989,20,1020,10,6,0,0.625,0,351,275,76,4.1,4.8,0.2,4.3,-0.4
1989,21,1021,5,11,0,0.313,0,297,391,-94,-4,-5.9,-3,-7,-1.2
1989,22,1022,9,7,0,0.563,0,386,301,85,2.2,5.3,2.3,4.6,-0.7
1989,23,1023,12,4,0,0.75,0,348,252,96,4.6,6,1.9,6.4,0.4
1989,23,1024,4,12,0,0.25,0,253,411,-158,-5.2,-9.9,-4.9,-10.1,-0.2
1989,24,1025,11,5,0,0.688,0,342,274,68,3.2,4.3,1.9,5.1,0.8
1989,1,1040,5,11,0,0.313,0,258,377,-119,-3.1,-7.4,-4,-7.1,0.3
1989,25,1026,9,7,0,0.563,0,265,326,-61,0.6,-3.8,-4.3,-3.7,0.1
1989,32,1035,6,10,0,0.375,0,266,290,-24,2.1,-1.5,-2.9,-0.7,0.8
1989,26,1027,14,2,0,0.875,1,442,253,189,4.9,11.8,5.8,10.7,-1.1
1989,27,1028,7,9,0,0.438,0,241,327,-86,0.8,-5.4,-3.6,-2.8,2.6
1989,28,1029,5,11,0,0.313,0,320,419,-99,-4.7,-6.2,-0.4,-5.1,1.1
1989,30,1034,10,6,0,0.625,0,386,308,78,0.2,4.9,3.8,4,-0.9
1988,2,1001,5,11,0,0.313,0,244,315,-71,0.5,-4.4,-5,-4.5,-0.1
1988,4,1003,12,4,0,0.75,0,329,237,92,6.4,5.8,0,6.4,0.6
1988,6,1005,12,4,0,0.75,0,312,215,97,6.6,6.1,0,6.6,0.5
1988,7,1006,12,4,0,0.75,0,448,329,119,-1,7.4,7.1,6.1,-1.3
1988,8,1007,10,6,0,0.625,0,304,288,16,4,1,-3.5,0.5,-0.5
1988,9,1008,3,13,0,0.188,0,265,381,-116,-2.3,-7.3,-3.8,-6.1,1.2
1988,10,1009,8,8,0,0.5,0,327,352,-25,-3.4,-1.6,0.1,-3.3,-1.8
1988,11,1010,4,12,0,0.25,0,220,313,-93,1,-5.8,-5,-4,1.8
1988,12,1011,4,12,0,0.25,0,240,315,-75,0.6,-4.7,-3.9,-3.3,1.4
1988,13,1038,10,6,0,0.625,0,424,365,59,-2.3,3.7,5.3,3,-0.7
1988,14,1013,9,7,0,0.563,0,354,315,39,0.3,2.4,2.9,3.2,0.8
1988,16,1015,4,11,1,0.281,0,254,320,-66,0.3,-4.1,-6,-5.7,-1.6
1988,18,1039,7,9,0,0.438,0,325,369,-44,-3.3,-2.8,-0.3,-3.6,-0.8
1988,18,1018,10,6,0,0.625,0,407,293,114,0.9,7.1,5.6,6.5,-0.6
1988,19,1019,6,10,0,0.375,0,319,380,-61,-3.9,-3.8,1,-2.8,1
1988,20,1020,11,5,0,0.688,0,406,233,173,4.3,10.8,6.5,10.9,0
1988,21,1021,9,7,0,0.563,0,250,284,-34,4.4,-2.1,-4.5,-0.2,2
1988,22,1022,10,6,0,0.625,0,312,283,29,2.6,1.8,-1,1.5,-0.3
1988,23,1023,10,6,0,0.625,0,359,304,55,0.7,3.4,1.5,2.2,-1.3
1988,23,1024,8,7,1,0.531,0,372,354,18,-2.4,1.1,3.7,1.4,0.3
1988,24,1025,10,6,0,0.625,0,379,319,60,1.1,3.8,2.3,3.4,-0.3
1988,1,1040,7,9,0,0.438,0,344,398,-54,-3.7,-3.4,0.5,-3.2,0.2
1988,25,1026,5,11,0,0.313,0,336,421,-85,-5.5,-5.3,0.1,-5.3,0
1988,32,1035,6,10,0,0.375,0,231,332,-101,-0.2,-6.3,-7.1,-7.4,-1.1
1988,26,1027,10,6,0,0.625,1,369,294,75,1.7,4.7,3.1,4.8,0.1
1988,27,1028,9,7,0,0.563,0,339,329,10,-2,0.6,1.2,-0.7,-1.4
1988,28,1029,5,11,0,0.313,0,261,350,-89,-2.2,-5.6,-1.9,-4.1,1.5
1988,30,1034,7,9,0,0.438,0,345,387,-42,-3.4,-2.6,1.2,-2.2,0.4
1987,2,1001,3,12,0,0.2,0,205,436,-231,-5.9,-15.4,-7.9,-13.8,1.6
1987,4,1003,7,8,0,0.467,0,270,305,-35,2.4,-2.3,-2.6,-0.2,2.1
1987,6,1005,11,4,0,0.733,0,356,282,74,2.3,4.9,1.5,3.8,-1.1
1987,7,1006,4,11,0,0.267,0,285,370,-85,-1.9,-5.7,-1.8,-3.7,2
1987,8,1007,10,5,0,0.667,0,390,239,151,5.5,10.1,5.3,10.8,0.7
1987,9,1008,7,8,0,0.467,0,340,348,-8,-1.8,-0.5,-0.2,-2,-1.5
1987,10,1009,10,4,1,0.7,0,379,288,91,0.9,6.1,3.2,4.1,-1.9
1987,11,1010,4,11,0,0.267,0,269,384,-115,-5.4,-7.7,-4.5,-9.9,-2.2
1987,12,1011,5,9,1,0.367,0,255,300,-45,1.9,-3,-5.3,-3.4,-0.4
1987,13,1038,9,6,0,0.6,0,345,349,-4,-1.2,-0.3,3.2,1.9,2.2
1987,14,1013,9,6,0,0.6,0,300,238,62,5.5,4.1,-1.3,4.3,0.1
1987,16,1015,4,11,0,0.267,0,273,388,-115,-4.8,-7.7,-3.2,-8,-0.3
1987,18,1039,5,10,0,0.333,0,301,289,12,1.7,0.8,-1.6,0,-0.8
1987,18,1018,6,9,0,0.4,0,317,361,-44,-1.2,-2.9,-0.6,-1.8,1.1
1987,19,1019,8,7,0,0.533,0,362,335,27,-1.1,1.8,3.2,2.1,0.3
1987,20,1020,8,7,0,0.533,0,336,335,1,-2.5,0.1,-0.1,-2.6,-2.7
1987,21,1021,8,7,0,0.533,0,320,293,27,2.6,1.8,0.5,3.1,1.3
1987,22,1022,12,3,0,0.8,0,422,283,139,3.3,9.3,6.8,10.1,0.8
1987,23,1023,6,9,0,0.4,0,280,312,-32,2.2,-2.1,-2.9,-0.7,1.4
1987,23,1024,6,9,0,0.4,0,334,360,-26,-2.7,-1.7,1.3,-1.3,0.4
1987,24,1025,7,8,0,0.467,0,337,380,-43,-3.3,-2.9,1.3,-2,0.8
1987,25,1026,8,7,0,0.533,0,285,299,-14,2.9,-0.9,-2.2,0.7,1.6
1987,32,1035,8,7,0,0.533,0,253,317,-64,0.5,-4.3,-4.3,-3.7,0.5
1987,26,1027,13,2,0,0.867,0,459,253,206,4.4,13.7,8.9,13.3,-0.4
1987,27,1028,9,6,0,0.6,0,371,314,57,-0.4,3.8,2.4,1.9,-1.9
1987,33,1041,7,8,0,0.467,0,362,368,-6,-3.1,-0.4,2.2,-0.9,-0.5
1987,28,1029,4,11,0,0.267,0,286,360,-74,-2.7,-4.9,-3.1,-5.8,-0.8
1987,30,1034,11,4,0,0.733,1,379,285,94,2,6.3,1.8,3.8,-2.5
1986,2,1001,7,8,1,0.469,0,280,280,0,2.3,0,-2.8,-0.5,-0.5
1986,4,1003,4,12,0,0.25,0,287,348,-61,-0.8,-3.8,-5,-5.8,-2
1986,6,1005,14,2,0,0.875,0,352,187,165,7.7,10.3,-0.1,7.6,-2.7
1986,7,1006,10,6,0,0.625,0,409,394,15,-4.2,0.9,5.7,1.5,0.5
1986,8,1007,12,4,0,0.75,0,391,310,81,0.7,5.1,2.9,3.6,-1.4
1986,9,1008,7,9,0,0.438,0,346,337,9,-0.9,0.6,3,2.1,1.5
1986,10,1009,11,5,0,0.688,0,378,327,51,1.8,3.2,3.4,5.2,2
1986,11,1010,5,11,0,0.313,0,277,326,-49,-0.5,-3.1,-3.8,-4.3,-1.2
1986,12,1011,4,12,0,0.25,0,254,418,-164,-5.6,-10.3,-4,-9.6,0.7
1986,13,1038,5,11,0,0.313,0,274,329,-55,0.4,-3.4,-4.4,-3.9,-0.5
1986,14,1013,3,13,0,0.188,0,229,400,-171,-3.8,-10.7,-6.6,-10.4,0.3
1986,16,1015,10,6,0,0.625,0,358,326,32,-0.1,2,1.2,1,-1
1986,18,1039,8,8,0,0.5,0,323,346,-23,0.2,-1.4,0,0.2,1.6
1986,18,1018,10,6,0,0.625,0,309,267,42,2.9,2.6,-1.1,1.9,-0.8
1986,19,1019,8,8,0,0.5,0,430,405,25,-5.7,1.6,6.2,0.5,-1.1
1986,20,1020,9,7,0,0.563,0,398,273,125,2.5,7.8,4,6.5,-1.3
1986,21,1021,11,5,0,0.688,0,412,307,105,1.3,6.6,4.4,5.7,-0.9
1986,22,1022,7,9,0,0.438,0,288,287,1,2.5,0.1,-2.5,0,0
1986,23,1023,14,2,0,0.875,1,371,236,135,5.8,8.4,3.2,9,0.6
1986,23,1024,10,6,0,0.625,0,364,386,-22,-3.3,-1.4,2,-1.4,0
1986,24,1025,5,10,1,0.344,0,256,312,-56,1.4,-3.5,-2.9,-1.5,2
1986,25,1026,6,10,0,0.375,0,307,336,-29,0.3,-1.8,-1.3,-1,0.9
1986,32,1035,4,12,0,0.25,0,335,396,-61,-3.1,-3.8,1.2,-1.9,1.9
1986,26,1027,10,5,1,0.656,0,374,247,127,4.4,7.9,2.6,7,-0.9
1986,27,1028,10,6,0,0.625,0,366,293,73,4,4.6,2.4,6.4,1.8
1986,33,1041,4,11,1,0.281,0,218,351,-133,-1.6,-8.3,-6.5,-8.1,0.2
1986,28,1029,2,14,0,0.125,0,239,473,-234,-10.8,-14.6,-4.6,-15.4,-0.8
1986,30,1034,12,4,0,0.75,0,368,296,72,2.1,4.5,3.5,5.5,1
1985,2,1001,4,12,,0.25,0,282,452,-170,-6.8,-10.6,-2.1,-8.9,1.7
1985,4,1003,2,14,,0.125,0,200,381,-181,-0.2,-11.3,-9.5,-9.8,1.5
1985,6,1005,15,1,,0.938,1,456,198,258,9.4,16.1,6.5,15.9,-0.2
1985,7,1006,7,9,,0.438,0,441,437,4,-6.9,0.3,6.2,-0.7,-0.9
1985,8,1007,8,8,,0.5,0,287,294,-7,3.4,-0.4,-4.7,-1.3,-0.8
1985,9,1008,10,6,,0.625,0,357,333,24,-0.3,1.5,0.6,0.2,-1.3
1985,10,1009,11,5,,0.688,0,380,329,51,1.9,3.2,1.8,3.6,0.4
1985,11,1010,7,9,,0.438,0,307,366,-59,0,-3.7,-1.6,-1.7,2
1985,12,1011,8,8,,0.5,0,337,355,-18,0.1,-1.1,0.1,0.1,1.3
1985,13,1038,5,11,,0.313,0,284,412,-128,-4,-8,-4.9,-8.9,-0.9
1985,14,1013,5,11,,0.313,0,320,386,-66,-2.4,-4.1,-0.3,-2.7,1.5
1985,16,1015,6,10,,0.375,0,317,360,-43,0.4,-2.7,-2,-1.6,1.1
1985,18,1039,12,4,,0.75,0,354,308,46,3.7,2.9,0.7,4.3,1.5
1985,18,1018,11,5,,0.688,0,340,277,63,3.6,3.9,-1,2.6,-1.3
1985,19,1019,12,4,,0.75,0,428,320,108,0.9,6.8,6.1,7,0.3
1985,20,1020,7,9,,0.438,0,346,359,-13,-1.3,-0.8,0.1,-1.2,-0.4
1985,21,1021,11,5,,0.688,0,362,290,72,3.8,4.5,2,5.8,1.3
1985,22,1022,5,11,,0.313,0,294,401,-107,-3.9,-6.7,-3,-6.8,-0.1
1985,23,1023,10,6,,0.625,0,399,283,116,1.8,7.3,2.1,3.9,-3.3
1985,23,1024,11,5,,0.688,0,393,264,129,5.2,8.1,3.8,9,0.9
1985,24,1025,7,9,,0.438,0,286,310,-24,1.3,-1.5,-4.8,-3.4,-1.9
1985,25,1026,7,9,,0.438,0,379,355,24,-1.1,1.5,0.6,-0.5,-2
1985,32,1035,8,8,,0.5,0,467,435,32,-7.2,2,8.3,1.1,-0.9
1985,26,1027,10,6,,0.625,0,411,263,148,4.2,9.3,4.6,8.8,-0.5
1985,27,1028,8,8,,0.5,0,349,303,46,4.1,2.9,0.3,4.3,1.5
1985,33,1041,5,11,,0.313,0,278,414,-136,-5.6,-8.5,-4.5,-10.1,-1.6
1985,28,1029,2,14,,0.125,0,294,448,-154,-5.5,-9.6,-1.9,-7.4,2.2
1985,30,1034,10,6,,0.625,0,297,312,-15,1.5,-0.9,-3.4,-1.9,-1
1984,2,1001,4,12,0,0.25,0,281,382,-101,-2.9,-6.3,-3.7,-6.6,-0.3
1984,4,1003,2,14,0,0.125,0,250,454,-204,-6.7,-12.8,-5.3,-12,0.7
1984,6,1005,10,6,0,0.625,0,325,248,77,6.4,4.8,-1.7,4.7,-0.1
1984,7,1006,8,8,0,0.5,0,339,339,0,-1,0,-0.1,-1.2,-1.2
1984,8,1007,5,11,0,0.313,0,250,297,-47,2.3,-2.9,-6.1,-3.8,-0.8
1984,9,1008,9,7,0,0.563,0,308,308,0,2.4,0,-1.4,1,1
1984,10,1009,13,3,0,0.813,0,353,241,112,6.7,7,1,7.7,0.7
1984,11,1010,4,11,1,0.281,0,283,408,-125,-3.4,-7.8,-2.9,-6.3,1.6
1984,12,1011,8,8,0,0.5,0,390,309,81,2.1,5.1,2.9,5,-0.1
1984,13,1038,3,13,0,0.188,0,240,437,-197,-6,-12.3,-5.9,-12,0.3
1984,14,1013,4,12,0,0.25,0,239,414,-175,-3.7,-10.9,-7.4,-11.1,-0.2
1984,16,1015,8,8,0,0.5,0,314,324,-10,1.6,-0.6,-0.8,0.8,1.5
1984,18,1039,11,5,0,0.688,0,368,278,90,4.8,5.6,2.1,6.9,1.2
1984,18,1018,10,6,0,0.625,0,346,316,30,1.3,1.9,1,2.3,0.4
1984,19,1019,14,2,0,0.875,0,513,298,215,1.5,13.4,9.1,10.6,-2.9
1984,20,1020,3,13,0,0.188,0,276,484,-208,-8.2,-13,-2.7,-10.9,2.1
1984,21,1021,9,7,0,0.563,0,362,352,10,-1.1,0.6,1,-0.1,-0.8
1984,22,1022,7,9,0,0.438,0,298,361,-63,-1.2,-3.9,-1.7,-2.9,1
1984,23,1023,9,7,0,0.563,0,299,301,-2,3.1,-0.1,-2.2,0.8,1
1984,23,1024,7,9,0,0.438,0,332,364,-32,-2.7,-2,-1.8,-4.5,-2.5
1984,24,1025,6,9,1,0.406,0,278,320,-42,1.9,-2.6,-4.3,-2.4,0.2
1984,25,1026,9,7,0,0.563,0,387,310,77,0.9,4.8,2.4,3.3,-1.6
1984,32,1035,7,9,0,0.438,0,394,413,-19,-4,-1.2,4.8,0.8,2
1984,26,1027,15,1,0,0.938,1,475,227,248,5.4,15.5,7.4,12.7,-2.8
1984,27,1028,12,4,0,0.75,0,418,282,136,3.5,8.5,5.4,9,0.5
1984,33,1041,9,7,0,0.563,0,423,345,78,-0.9,4.9,6.2,5.4,0.5
1984,28,1029,6,10,0,0.375,0,335,380,-45,-3.4,-2.8,-0.2,-3.5,-0.7
1984,30,1034,11,5,0,0.688,0,426,310,116,1.3,7.3,5,6.4,-0.9
1983,2,1001,7,9,0,0.438,0,370,389,-19,-2.1,-1.2,2.9,0.9,2
1983,3,1042,7,9,0,0.438,0,264,354,-90,-2.7,-5.6,-4.1,-6.9,-1.2
1983,4,1003,8,8,0,0.5,0,283,351,-68,-0.4,-4.3,-3.4,-3.8,0.5
1983,6,1005,8,8,0,0.5,0,311,301,10,1.5,0.6,-2.5,-1.1,-1.7
1983,7,1006,7,9,0,0.438,0,346,302,44,1.7,2.8,-1.2,0.5,-2.3
1983,8,1007,9,7,0,0.563,0,356,342,14,-1.3,0.9,-0.9,-2.2,-3.1
1983,9,1008,12,4,0,0.75,0,479,360,119,-0.1,7.4,8.6,8.5,1.1
1983,10,1009,9,7,0,0.563,0,302,327,-25,1.3,-1.6,-4.1,-2.8,-1.2
1983,11,1010,9,7,0,0.563,0,347,286,61,3.3,3.8,-1.2,2.1,-1.7
1983,12,1011,8,8,0,0.5,0,429,439,-10,-7.1,-0.6,5.2,-1.9,-1.2
1983,13,1038,2,14,0,0.125,0,288,460,-172,-7.9,-10.8,-3.7,-11.5,-0.8
1983,16,1015,6,10,0,0.375,0,386,367,19,0.3,1.2,1.7,2,0.9
1983,18,1039,12,4,0,0.75,1,442,338,104,1.7,6.5,5.1,6.8,0.3
1983,18,1018,9,7,0,0.563,0,361,344,17,0.9,1.1,2,2.9,1.8
1983,19,1019,12,4,0,0.75,0,389,250,139,5.2,8.7,2.6,7.7,-1
1983,20,1020,8,8,0,0.5,0,316,348,-32,-0.1,-2,-2.9,-3.1,-1.1
1983,21,1021,8,8,0,0.5,0,274,289,-15,3.7,-0.9,-4.7,-1,-0.1
1983,22,1022,8,8,0,0.5,0,319,337,-18,1.1,-1.1,-1.1,0,1.1
1983,23,1023,3,12,1,0.219,0,267,347,-80,3.4,-5,-5.5,-2.1,2.9
1983,23,1024,7,9,0,0.438,0,313,331,-18,0.7,-1.1,-1.9,-1.2,-0.1
1983,24,1025,5,11,0,0.313,0,233,322,-89,3.6,-5.6,-6.7,-3.1,2.4
1983,25,1026,10,6,0,0.625,0,355,303,52,1.1,3.3,-1.2,-0.1,-3.3
1983,32,1035,6,10,0,0.375,0,358,462,-104,-5.7,-6.5,1.1,-4.6,1.9
1983,26,1027,10,6,0,0.625,0,432,293,139,3,8.7,5.7,8.7,0
1983,27,1028,9,7,0,0.563,0,403,397,6,-2,0.4,3.4,1.5,1.1
1983,33,1041,8,7,1,0.531,0,374,428,-54,-3.6,-3.4,2.5,-1.1,2.3
1983,28,1029,2,14,0,0.125,0,241,380,-139,-1.6,-8.7,-7.5,-9,-0.3
1983,30,1034,14,2,0,0.875,0,541,332,209,2.2,13.1,11.7,13.9,0.9
1982,2,1001,5,4,0,0.556,0,183,199,-16,-3.3,-1.8,-0.5,-3.8,-2
1982,3,1042,0,8,1,0.056,0,113,236,-123,-2.7,-13.7,-6.1,-8.8,4.8
1982,4,1003,4,5,0,0.444,0,150,154,-4,3.4,-0.4,-1.9,1.5,1.9
1982,6,1005,3,6,0,0.333,0,141,174,-33,-1.2,-3.7,-4.2,-5.4,-1.7
1982,7,1006,7,2,0,0.778,0,232,177,55,0.2,6.1,3.5,3.6,-2.5
1982,8,1007,4,5,0,0.444,0,140,182,-42,1.5,-4.7,-5,-3.5,1.2
1982,9,1008,6,3,0,0.667,0,226,145,81,3,9,5.2,8.2,-0.8
1982,10,1009,2,7,0,0.222,0,148,226,-78,-3.8,-8.7,-6,-9.7,-1.1
1982,11,1010,4,5,0,0.444,0,181,176,5,1.7,0.6,-0.4,1.3,0.8
1982,12,1011,5,3,1,0.611,0,226,169,57,1.5,6.3,4.6,6.2,-0.2
1982,13,1038,1,8,0,0.111,0,136,245,-109,-7.1,-12.1,-3.9,-11,1.1
1982,16,1015,3,6,0,0.333,0,176,184,-8,1.6,-0.9,-1.9,-0.2,0.7
1982,18,1039,8,1,0,0.889,0,260,200,60,-0.9,6.7,6.1,5.2,-1.5
1982,18,1018,2,7,0,0.222,0,200,250,-50,-7.9,-5.6,0.9,-6.9,-1.4
1982,19,1019,7,2,0,0.778,0,198,131,67,5.6,7.4,2.6,8.2,0.8
1982,20,1020,5,4,0,0.556,0,187,198,-11,-1,-1.2,2.1,1.2,2.4
1982,21,1021,5,4,0,0.556,0,143,157,-14,1.3,-1.6,-3.7,-2.4,-0.8
1982,22,1022,4,5,0,0.444,0,129,160,-31,1.9,-3.4,-5.7,-3.8,-0.3
1982,23,1023,4,5,0,0.444,0,164,160,4,2.9,0.4,-1.9,1,0.5
1982,23,1024,6,3,0,0.667,0,245,166,79,1.7,8.8,8.8,10.5,1.7
1982,24,1025,3,6,0,0.333,0,191,195,-4,-2,-0.4,2.7,0.7,1.1
1982,25,1026,6,3,0,0.667,0,204,146,58,1.8,6.4,3.4,5.2,-1.3
1982,32,1035,6,3,0,0.667,0,288,221,67,-5.3,7.4,10.6,5.3,-2.1
1982,26,1027,3,6,0,0.333,0,209,206,3,-2.8,0.3,0.3,-2.4,-2.8
1982,27,1028,4,5,0,0.444,0,127,147,-20,2,-2.2,-7.5,-5.4,-3.2
1982,33,1041,5,4,0,0.556,0,135,170,-35,1.4,-3.9,-4.1,-2.7,1.2
1982,28,1029,5,4,0,0.556,0,158,178,-20,1.3,-2.2,-0.4,0.9,3.1
1982,30,1034,8,1,0,0.889,1,190,128,62,5.2,6.9,2.2,7.4,0.5
1981,2,1001,7,9,0,0.438,0,426,355,71,-2.6,4.4,6.5,4,-0.5
1981,3,1042,2,14,0,0.125,0,259,533,-274,-12,-17.1,-3.8,-15.8,1.3
1981,4,1003,10,6,0,0.625,0,311,276,35,3.9,2.2,-2.5,1.3,-0.9
1981,6,1005,6,10,0,0.375,0,253,324,-71,1.5,-4.4,-4.4,-2.9,1.6
1981,7,1006,12,4,0,0.75,0,421,304,117,1,7.3,4.5,5.5,-1.8
1981,8,1007,5,11,0,0.313,0,276,375,-99,-2.4,-6.2,-4.1,-6.5,-0.3
1981,9,1008,12,4,0,0.75,0,367,277,90,3.2,5.6,2.9,6.1,0.5
1981,10,1009,10,6,0,0.625,0,321,289,32,2.9,2,-1.6,1.3,-0.7
1981,11,1010,8,8,0,0.5,0,397,322,75,0.5,4.7,4.8,5.3,0.6
1981,12,1011,8,8,0,0.5,0,324,361,-37,-2.3,-2.3,0.7,-1.7,0.6
1981,13,1038,7,9,0,0.438,0,281,355,-74,-1.6,-4.6,-3.1,-4.7,-0.1
1981,16,1015,9,7,0,0.563,0,343,290,53,2.8,3.3,0.4,3.2,-0.1
1981,18,1018,6,10,0,0.375,0,303,351,-48,-1,-3,-1.4,-2.4,0.6
1981,19,1019,11,4,1,0.719,0,345,275,70,2.8,4.4,0.1,2.9,-1.5
1981,20,1020,7,9,0,0.438,0,325,369,-44,-2.1,-2.8,0,-2,0.7
1981,21,1021,2,14,0,0.125,0,322,370,-48,-3.1,-3,-0.6,-3.7,-0.7
1981,22,1022,4,12,0,0.25,0,207,378,-171,-2.3,-10.7,-7.2,-9.5,1.2
1981,23,1023,9,7,0,0.563,0,295,257,38,5.5,2.4,-2.2,3.4,1
1981,23,1024,10,5,1,0.656,0,355,287,68,1.7,4.3,0.2,1.8,-2.4
1981,31,1033,7,9,0,0.438,0,273,343,-70,0,-4.4,-3.6,-3.6,0.7
1981,24,1025,10,6,0,0.625,0,368,221,147,6.7,9.2,2,8.7,-0.5
1981,25,1026,8,8,0,0.5,0,356,297,59,1.5,3.7,1.2,2.7,-1
1981,32,1035,10,6,0,0.625,0,478,390,88,-4.7,5.5,9.2,4.4,-1.1
1981,26,1027,13,3,0,0.813,1,357,250,107,5,6.7,1.3,6.2,-0.5
1981,27,1028,6,10,0,0.375,0,322,388,-66,-3.2,-4.1,-0.1,-3.3,0.8
1981,33,1041,7,9,0,0.438,0,315,408,-93,-4.8,-5.8,0.1,-4.7,1.1
1981,28,1029,9,7,0,0.563,0,315,268,47,4.4,2.9,-1.4,3,0.1
1981,30,1034,8,8,0,0.5,0,347,349,-2,-1.2,-0.1,2.2,1,1.1
1980,2,1001,12,4,0,0.75,0,405,272,133,3.4,8.3,4.5,7.8,-0.5
1980,3,1042,7,9,0,0.438,0,355,387,-32,-4.3,-2,2.8,-1.5,0.5
1980,4,1003,11,5,0,0.688,0,320,260,60,5.5,3.8,-1.6,3.9,0.2
1980,6,1005,7,9,0,0.438,0,304,264,40,2.6,2.5,-1.2,1.4,-1.1
1980,7,1006,6,10,0,0.375,0,244,312,-68,0.8,-4.3,-4.5,-3.7,0.6
1980,8,1007,11,5,0,0.688,0,357,310,47,0.1,2.9,1.7,1.8,-1.1
1980,9,1008,12,4,0,0.75,0,454,311,143,0.1,8.9,7.8,8,-1
1980,10,1009,8,8,0,0.5,0,310,323,-13,1.6,-0.8,-1.1,0.5,1.3
1980,11,1010,9,7,0,0.563,0,334,272,62,2.5,3.9,-0.8,1.7,-2.2
1980,12,1011,5,10,1,0.344,0,231,371,-140,-3.2,-8.8,-5.8,-9,-0.3
1980,13,1038,11,5,0,0.688,0,295,251,44,4.4,2.8,-2.7,1.6,-1.1
1980,16,1015,8,8,0,0.5,0,319,336,-17,0.3,-1.1,-0.8,-0.5,0.6
1980,18,1018,11,5,0,0.688,0,424,289,135,2.1,8.4,4.4,6.5,-1.9
1980,19,1019,8,8,0,0.5,0,266,305,-39,3.1,-2.4,-4.6,-1.6,0.9
1980,20,1020,9,7,0,0.563,0,317,308,9,-0.3,0.6,0,-0.3,-0.9
1980,21,1021,10,6,0,0.625,0,441,325,116,-0.3,7.3,6.8,6.5,-0.8
1980,22,1022,1,15,0,0.063,0,291,487,-196,-9.4,-12.3,-1.1,-10.4,1.8
1980,23,1023,4,12,0,0.25,0,249,425,-176,-5.5,-11,-4.3,-9.7,1.3
1980,23,1024,4,12,0,0.25,0,302,395,-93,-3.6,-5.8,-1.5,-5.1,0.7
1980,31,1033,11,5,0,0.688,1,364,306,58,1.3,3.6,2.9,4.2,0.6
1980,24,1025,12,4,0,0.75,0,384,222,162,6.8,10.1,2.9,9.7,-0.4
1980,25,1026,9,7,0,0.563,0,352,313,39,-0.1,2.4,2.4,2.3,-0.2
1980,32,1035,11,5,0,0.688,0,418,327,91,-0.4,5.7,6.5,6,0.4
1980,26,1027,6,10,0,0.375,0,320,415,-95,-5.1,-5.9,-1.2,-6.3,-0.3
1980,27,1028,4,12,0,0.25,0,291,408,-117,-3.7,-7.3,-1.6,-5.3,2
1980,33,1041,5,11,0,0.313,0,299,350,-51,-0.7,-3.2,-1.7,-2.4,0.8
1980,28,1029,5,10,1,0.344,0,271,341,-70,-1.6,-4.4,-3.5,-5.1,-0.7
1980,30,1034,6,10,0,0.375,0,261,293,-32,3.3,-2,-4.4,-1.1,0.9
1979,2,1001,6,10,,0.375,0,300,388,-88,-4.7,-5.5,-1.9,-6.6,-1.1
1979,3,1042,5,11,,0.313,0,271,351,-80,-1.5,-5,-2,-3.5,1.5
1979,4,1003,7,9,,0.438,0,268,279,-11,3.1,-0.7,-3.3,-0.2,0.4
1979,6,1005,10,6,,0.625,0,306,249,57,2.1,3.6,-2.2,0,-3.6
1979,7,1006,4,12,,0.25,0,337,421,-84,-4.4,-5.3,3.1,-1.3,3.9
1979,8,1007,9,7,,0.563,0,359,352,7,0.1,0.4,2.9,3,2.6
1979,9,1008,11,5,,0.688,0,371,313,58,0.3,3.6,3,3.3,-0.3
1979,10,1009,10,6,,0.625,0,289,262,27,5.7,1.7,-1.6,4.1,2.4
1979,11,1010,2,14,,0.125,0,219,365,-146,-4.4,-9.1,-6.6,-11,-1.9
1979,12,1011,5,11,,0.313,0,246,316,-70,-1.6,-4.4,-5.3,-6.8,-2.5
1979,13,1038,11,5,,0.688,0,362,331,31,1.4,1.9,2.9,4.4,2.4
1979,16,1015,7,9,,0.438,0,238,262,-24,5.4,-1.5,-4,1.4,2.9
1979,18,1018,9,7,,0.563,0,323,309,14,0.6,0.9,-1.2,-0.6,-1.5
1979,19,1019,10,6,,0.625,0,341,257,84,4,5.3,0.3,4.3,-0.9
1979,20,1020,7,9,,0.438,0,259,337,-78,-3.1,-4.9,-4.5,-7.5,-2.7
1979,21,1021,9,7,,0.563,0,411,326,85,-1.1,5.3,6.1,5.1,-0.2
1979,22,1022,8,8,,0.5,0,370,360,10,-3.5,0.6,2.3,-1.2,-1.8
1979,23,1023,6,10,,0.375,0,237,323,-86,-0.8,-5.4,-5.4,-6.1,-0.8
1979,23,1024,8,8,,0.5,0,337,383,-46,-4,-2.9,1.1,-2.9,0
1979,31,1033,9,7,,0.563,0,365,337,28,0,1.8,3.8,3.8,2
1979,24,1025,11,5,,0.688,0,339,282,57,2.4,3.6,0.3,2.7,-0.9
1979,25,1026,12,4,,0.75,1,416,262,154,5.1,9.6,6.8,11.9,2.3
1979,32,1035,12,4,,0.75,0,411,246,165,5.7,10.3,6,11.8,1.5
1979,26,1027,2,14,,0.125,0,308,416,-108,-6.1,-6.8,-1.3,-7.4,-0.7
1979,27,1028,9,7,,0.563,0,378,372,6,-2.3,0.4,4.9,2.6,2.2
1979,33,1041,5,11,,0.313,0,307,358,-51,-2,-3.2,-0.7,-2.7,0.4
1979,28,1029,10,6,,0.625,0,273,237,36,1.8,2.3,-4.6,-2.8,-5.1
1979,30,1034,10,6,,0.625,0,348,295,53,1.5,3.3,0.9,2.5,-0.8
1978,2,1001,9,7,0,0.563,0,240,290,-50,-0.9,-3.1,-3.7,-4.6,-1.5
1978,3,1042,5,11,0,0.313,0,239,421,-182,-6,-11.4,-2.8,-8.8,2.6
1978,4,1003,5,11,0,0.313,0,302,354,-52,-3.2,-3.3,-0.1,-3.3,0
1978,6,1005,7,9,0,0.438,0,253,274,-21,0.3,-1.3,-2.7,-2.4,-1.1
1978,7,1006,4,12,0,0.25,0,252,284,-32,1.3,-2,-2.7,-1.3,0.7
1978,8,1007,8,8,0,0.5,0,334,356,-22,-4.5,-1.4,2.5,-2,-0.6
1978,9,1008,12,4,0,0.75,0,384,208,176,5.2,11,5.8,11,0
1978,10,1009,10,6,0,0.625,0,282,198,84,6.9,5.3,-1.9,5,-0.2
1978,11,1010,7,9,0,0.438,0,290,300,-10,-1.7,-0.6,-0.1,-1.8,-1.2
1978,12,1011,8,7,1,0.531,0,249,269,-20,1.6,-1.3,-2.2,-0.6,0.7
1978,13,1038,10,6,0,0.625,0,283,298,-15,0.2,-0.9,-0.6,-0.4,0.5
1978,16,1015,4,12,0,0.25,0,243,327,-84,-1.4,-5.3,-3,-4.4,0.9
1978,18,1018,12,4,0,0.75,0,316,245,71,1.9,4.4,1.3,3.2,-1.2
1978,19,1019,11,5,0,0.688,0,372,254,118,3.3,7.4,4.2,7.6,0.2
1978,20,1020,8,7,1,0.531,0,294,306,-12,-1.1,-0.8,1,-0.2,0.6
1978,21,1021,11,5,0,0.688,0,358,286,72,1.4,4.5,3.6,5,0.5
1978,22,1022,7,9,0,0.438,0,281,298,-17,-1.2,-1.1,-0.5,-1.7,-0.6
1978,23,1023,6,10,0,0.375,0,264,298,-34,-1.3,-2.1,-1.1,-2.5,-0.4
1978,23,1024,8,8,0,0.5,0,359,364,-5,-3.3,-0.3,4.4,1.1,1.4
1978,31,1033,9,7,0,0.563,0,311,283,28,1.1,1.8,1.6,2.6,0.9
1978,24,1025,9,7,0,0.563,0,270,250,20,3.4,1.3,-1.1,2.3,1.1
1978,25,1026,14,2,0,0.875,1,356,195,161,5.6,10.1,2.6,8.2,-1.9
1978,32,1035,9,7,0,0.563,0,355,309,46,-0.9,2.9,4.6,3.6,0.7
1978,26,1027,2,14,0,0.125,0,219,350,-131,-4.5,-8.2,-4.6,-9.1,-0.9
1978,27,1028,9,7,0,0.563,0,345,358,-13,-3.7,-0.8,3.4,-0.4,0.5
1978,33,1041,6,10,0,0.375,0,248,296,-48,0,-3,-2.6,-2.5,0.5
1978,28,1029,5,11,0,0.313,0,241,259,-18,0.8,-1.1,-4.1,-3.3,-2.2
1978,30,1034,8,8,0,0.5,0,273,283,-10,0.7,-0.6,-1.1,-0.4,0.2
1977,2,1001,7,7,,0.5,0,179,129,50,6.6,3.6,-6.1,0.5,-3.1
1977,3,1042,10,4,,0.714,0,295,221,74,1.5,5.3,3.6,5,-0.3
1977,4,1003,3,11,,0.214,0,160,313,-153,-3.7,-10.9,-4.3,-7.9,3
1977,6,1005,9,5,,0.643,0,255,253,2,-3.6,0.1,0,-3.6,-3.7
1977,7,1006,8,6,,0.571,0,238,235,3,1.6,0.2,0.6,2.2,2
1977,8,1007,6,8,,0.429,0,269,267,2,0.1,0.1,2.4,2.5,2.4
1977,9,1008,12,2,,0.857,1,345,212,133,0.2,9.5,7.6,7.8,-1.7
1977,10,1009,12,2,,0.857,0,274,148,126,9.4,9,1.9,11.3,2.3
1977,11,1010,6,8,,0.429,0,183,252,-69,-3,-4.9,-4.4,-7.4,-2.5
1977,12,1011,4,10,,0.286,0,134,219,-85,0.4,-6.1,-9.1,-8.7,-2.6
1977,13,1038,8,6,,0.571,0,299,230,69,2.3,4.9,4.4,6.6,1.7
1977,16,1015,2,12,,0.143,0,225,349,-124,-5.8,-8.9,0.9,-4.9,3.9
1977,18,1018,10,4,,0.714,0,302,146,156,4.6,11.1,3.8,8.5,-2.7
1977,19,1019,10,4,,0.714,0,313,197,116,3.5,8.3,4.4,7.8,-0.5
1977,20,1020,9,5,,0.643,0,231,227,4,-0.6,0.3,-1,-1.6,-1.9
1977,21,1021,9,5,,0.643,0,278,217,61,1.5,4.4,2.5,4,-0.4
1977,22,1022,3,11,,0.214,0,232,336,-104,-9.4,-7.4,0.3,-9.2,-1.7
1977,23,1023,5,9,,0.357,0,181,265,-84,-2.2,-6,-4,-6.2,-0.2
1977,23,1024,3,11,,0.214,0,191,300,-109,-2,-7.8,-3.8,-5.9,1.9
1977,31,1033,11,3,,0.786,0,351,230,121,1.6,8.6,8.8,10.4,1.7
1977,24,1025,5,9,,0.357,0,220,207,13,1.9,0.9,-2.5,-0.6,-1.5
1977,25,1026,9,5,,0.643,0,283,243,40,2.3,2.9,3.9,6.2,3.4
1977,32,1035,7,7,,0.5,0,222,205,17,5.2,1.2,-1.4,3.7,2.5
1977,26,1027,5,9,,0.357,0,220,260,-40,-2.7,-2.9,-1.1,-3.8,-0.9
1977,27,1028,5,9,,0.357,0,282,373,-91,-8.6,-6.5,4.2,-4.3,2.2
1977,33,1041,7,7,,0.5,0,272,287,-15,-4,-1.1,2.6,-1.4,-0.3
1977,28,1029,2,12,,0.143,0,103,223,-120,0.3,-8.6,-11.1,-10.7,-2.2
1977,30,1034,9,5,,0.643,0,196,189,7,2.6,0.5,-3.1,-0.5,-1
1976,2,1001,4,10,0,0.286,0,172,312,-140,-3.5,-10,-6.7,-10.3,-0.3
1976,3,1042,11,3,0,0.786,0,417,246,171,0.4,12.2,9.3,9.8,-2.5
1976,4,1003,2,12,0,0.143,0,245,363,-118,-6.7,-8.4,-2.5,-9.2,-0.8
1976,6,1005,7,7,0,0.5,0,253,216,37,4.2,2.6,0.3,4.6,1.9
1976,7,1006,10,4,0,0.714,0,335,210,125,5.1,8.9,5,10.1,1.2
1976,8,1007,9,5,0,0.643,0,267,287,-20,-2.4,-1.4,0.7,-1.7,-0.3
1976,9,1008,11,3,0,0.786,0,296,194,102,4,7.3,0.5,4.5,-2.8
1976,10,1009,9,5,0,0.643,0,315,206,109,4.4,7.8,2.5,6.9,-0.8
1976,11,1010,6,8,0,0.429,0,262,220,42,3.4,3,-0.6,2.8,-0.2
1976,12,1011,5,9,0,0.357,0,218,299,-81,-2,-5.8,-2.5,-4.5,1.3
1976,13,1038,5,9,0,0.357,0,222,273,-51,1,-3.6,-2.7,-1.8,1.9
1976,16,1015,5,9,0,0.357,0,290,376,-86,-6.9,-6.1,2.2,-4.7,1.4
1976,18,1018,10,3,1,0.75,0,351,190,161,4.5,11.5,5.9,10.5,-1
1976,19,1019,6,8,0,0.429,0,263,264,-1,1.7,-0.1,-1.8,-0.1,0
1976,20,1020,11,2,1,0.821,0,305,176,129,5.7,9.2,3.7,9.3,0.1
1976,21,1021,11,3,0,0.786,0,376,236,140,2.2,10,6.5,8.6,-1.4
1976,22,1022,4,10,0,0.286,0,253,346,-93,-5.5,-6.6,-0.6,-6.1,0.5
1976,23,1023,3,11,0,0.214,0,170,250,-80,2.1,-5.7,-5.5,-3.4,2.3
1976,23,1024,3,11,0,0.214,0,169,383,-214,-6.8,-15.3,-7.1,-13.8,1.5
1976,31,1033,13,1,0,0.929,1,350,237,113,2.2,8.1,6.3,8.5,0.4
1976,24,1025,4,10,0,0.286,0,165,286,-121,-1.4,-8.6,-7.3,-8.7,0
1976,25,1026,10,4,0,0.714,0,342,138,204,9.6,14.6,5.7,15.3,0.8
1976,32,1035,6,8,0,0.429,0,248,285,-37,0.5,-2.6,-1.7,-1.2,1.5
1976,26,1027,8,6,0,0.571,0,270,190,80,5,5.7,-1.3,3.8,-1.9
1976,27,1028,2,12,0,0.143,0,229,429,-200,-12.9,-14.3,-2.2,-15.1,-0.8
1976,33,1041,10,4,0,0.714,0,309,267,42,-1,3,3.5,2.6,-0.4
1976,28,1029,0,14,0,0,0,125,412,-287,-8.8,-20.5,-10.8,-19.7,0.8
1976,30,1034,10,4,0,0.714,0,291,217,74,1.8,5.3,1.2,3,-2.3
1975,2,1001,4,10,,0.286,0,240,289,-49,-0.8,-3.5,-2.7,-3.5,0
1975,3,1042,10,4,,0.714,0,395,269,126,2.2,9,6.3,8.6,-0.4
1975,4,1003,8,6,,0.571,0,420,355,65,-3.4,4.6,10.4,7.1,2.4
1975,6,1005,4,10,,0.286,0,191,379,-188,-6.6,-13.4,-4.9,-11.5,1.9
1975,7,1006,11,3,,0.786,0,340,246,94,2.9,6.7,4,6.9,0.2
1975,8,1007,3,11,,0.214,0,218,372,-154,-4.2,-11,-2.6,-6.8,4.2
1975,9,1008,10,4,,0.714,0,350,268,82,0.1,5.9,4,4.1,-1.7
1975,10,1009,6,8,,0.429,0,254,307,-53,-0.7,-3.8,-2.7,-3.4,0.3
1975,11,1010,7,7,,0.5,0,245,262,-17,1.3,-1.2,-3.2,-1.9,-0.7
1975,12,1011,4,10,,0.286,0,226,285,-59,-0.9,-4.2,-3.3,-4.2,0
1975,13,1038,10,4,,0.714,0,293,226,67,5.2,4.8,1.2,6.4,1.6
1975,16,1015,5,9,,0.357,0,282,341,-59,-3.7,-4.2,-0.6,-4.2,0
1975,18,1018,12,2,,0.857,0,312,135,177,8.7,12.6,0.5,9.1,-3.5
1975,19,1019,10,4,,0.714,0,357,222,135,6,9.6,3.3,9.3,-0.3
1975,20,1020,12,2,,0.857,0,377,180,197,5.4,14.1,3.5,8.9,-5.2
1975,21,1021,3,11,,0.214,0,258,358,-100,-2,-7.1,-2.3,-4.3,2.9
1975,22,1022,2,12,,0.143,0,165,360,-195,-5.9,-13.9,-8.2,-14.1,-0.1
1975,23,1023,5,9,,0.357,0,216,306,-90,-0.6,-6.4,-6.2,-6.8,-0.4
1975,23,1024,3,11,,0.214,0,258,433,-175,-7.1,-12.5,-1.2,-8.3,4.2
1975,31,1033,11,3,,0.786,0,375,255,120,1.3,8.6,5.5,6.8,-1.8
1975,24,1025,4,10,,0.286,0,225,302,-77,-0.6,-5.5,-4,-4.6,0.9
1975,25,1026,12,2,,0.857,1,373,162,211,8.8,15.1,5.4,14.2,-0.9
1975,32,1035,2,12,,0.143,0,189,345,-156,-3.4,-11.1,-6,-9.4,1.7
1975,26,1027,5,9,,0.357,0,255,286,-31,-2.5,-2.2,-2.2,-4.7,-2.5
1975,33,1041,11,3,,0.786,0,356,276,80,0.1,5.7,3.4,3.5,-2.2
1975,30,1034,8,6,,0.571,0,325,276,49,0.3,3.5,2.6,2.8,-0.7
1974,2,1001,3,11,0,0.214,0,111,271,-160,-2.6,-11.4,-9.7,-12.3,-0.9
1974,3,1042,2,12,0,0.143,0,190,329,-139,-4.1,-9.9,-4.6,-8.7,1.3
1974,4,1003,9,5,0,0.643,0,264,244,20,1.4,1.4,-0.3,1,-0.4
1974,6,1005,4,10,0,0.286,0,152,279,-127,-2.9,-9.1,-7.4,-10.3,-1.2
1974,7,1006,7,7,0,0.5,0,283,259,24,0.2,1.7,1.9,2.2,0.5
1974,8,1007,4,10,0,0.286,0,251,344,-93,-4.7,-6.6,0.5,-4.2,2.4
1974,9,1008,8,6,0,0.571,0,297,235,62,1.9,4.4,4,5.9,1.5
1974,10,1009,7,6,1,0.536,0,302,294,8,-2.8,0.6,3.4,0.6,0.1
1974,11,1010,7,7,0,0.5,0,256,270,-14,-2.1,-1,0.5,-1.6,-0.6
1974,12,1011,6,8,0,0.429,0,210,206,4,2,0.3,-3.2,-1.3,-1.6
1974,13,1038,7,7,0,0.5,0,236,282,-46,-0.6,-3.3,-1.3,-1.9,1.4
1974,16,1015,5,9,0,0.357,0,233,293,-60,-1.1,-4.3,-1.3,-2.4,1.9
1974,18,1018,10,4,0,0.714,0,263,181,82,4,5.9,-0.1,3.9,-1.9
1974,19,1019,11,3,0,0.786,0,327,216,111,2.3,7.9,3.9,6.1,-1.8
1974,20,1020,10,4,0,0.714,0,310,195,115,2.5,8.2,3.6,6.1,-2.1
1974,21,1021,7,7,0,0.5,0,348,289,59,-1.8,4.2,6.6,4.8,0.6
1974,22,1022,5,9,0,0.357,0,166,263,-97,-1.7,-6.9,-5.7,-7.3,-0.4
1974,23,1023,2,12,0,0.143,0,195,299,-104,-2.1,-7.4,-3.5,-5.6,1.8
1974,23,1024,7,7,0,0.5,0,279,300,-21,-3.7,-1.5,1.1,-2.5,-1
1974,31,1033,12,2,0,0.857,0,355,228,127,2.7,9.1,6.4,9,-0.1
1974,24,1025,7,7,0,0.5,0,242,217,25,3,1.8,0,2.9,1.1
1974,25,1026,10,3,1,0.75,1,305,189,116,4.5,8.3,2.3,6.8,-1.5
1974,32,1035,5,9,0,0.357,0,212,285,-73,-1.3,-5.2,-3.5,-4.8,0.4
1974,26,1027,6,8,0,0.429,0,226,236,-10,-0.5,-0.7,-2.1,-2.6,-1.8
1974,33,1041,10,4,0,0.714,0,285,218,67,3,4.8,2.8,5.8,1
1974,30,1034,10,4,0,0.714,0,320,196,124,4.5,8.9,5.7,10.2,1.4
1973,2,1001,9,5,0,0.643,0,318,224,94,3.5,6.7,2.3,5.9,-0.9
1973,3,1042,4,10,0,0.286,0,226,341,-115,-5.9,-8.2,-2.4,-8.4,-0.2
1973,4,1003,9,5,0,0.643,0,259,230,29,2.1,2.1,-1.8,0.4,-1.7
1973,6,1005,3,11,0,0.214,0,195,334,-139,-4.5,-9.9,-4.4,-8.8,1.1
1973,7,1006,10,4,0,0.714,0,286,231,55,2.9,3.9,0.1,3,-0.9
1973,8,1007,7,5,2,0.571,0,234,255,-21,1.4,-1.5,-2.6,-1.2,0.3
1973,9,1008,10,4,0,0.714,0,382,203,179,6,12.8,6.8,12.8,0
1973,10,1009,7,5,2,0.571,0,354,296,58,-2.5,4.1,5.4,2.9,-1.2
1973,11,1010,6,7,1,0.464,0,271,247,24,1.2,1.7,0.8,2,0.3
1973,12,1011,5,7,2,0.429,0,202,259,-57,0.2,-4.1,-5.1,-4.9,-0.8
1973,13,1038,1,13,0,0.071,0,199,447,-248,-12.4,-17.7,-4.4,-16.8,1
1973,16,1015,7,5,2,0.571,0,231,192,39,5.1,2.8,-4.2,1,-1.8
1973,18,1018,12,2,0,0.857,0,388,178,210,5.2,15,8.2,13.4,-1.6
1973,19,1019,12,2,0,0.857,1,343,150,193,8.3,13.8,5,13.3,-0.5
1973,20,1020,12,2,0,0.857,0,296,168,128,6.9,9.1,1.7,8.6,-0.5
1973,21,1021,5,9,0,0.357,0,258,300,-42,-3.4,-3,-2.6,-6,-3
1973,22,1022,5,9,0,0.357,0,163,312,-149,-1.7,-10.6,-7,-8.8,1.9
1973,23,1023,2,11,1,0.179,0,226,362,-136,-4.7,-9.7,-2.8,-7.5,2.2
1973,23,1024,4,10,0,0.286,0,240,306,-66,-1.6,-4.7,-1.8,-3.4,1.3
1973,31,1033,9,4,1,0.679,0,292,175,117,6.7,8.4,0,6.7,-1.7
1973,24,1025,5,8,1,0.393,0,310,393,-83,-7.7,-5.9,3.5,-4.2,1.7
1973,25,1026,10,4,0,0.714,0,347,210,137,3.8,9.8,4.5,8.2,-1.6
1973,32,1035,2,11,1,0.179,0,188,386,-198,-8.4,-14.1,-3.6,-12,2.1
1973,26,1027,5,9,0,0.357,0,262,319,-57,-1.6,-4.1,1.4,-0.2,3.9
1973,33,1041,4,9,1,0.321,0,286,365,-79,-5.1,-5.6,1.8,-3.3,2.3
1973,30,1034,10,4,0,0.714,0,325,198,127,6.2,9.1,1.2,7.4,-1.7
1972,2,1001,7,7,0,0.5,0,269,274,-5,0.4,-0.4,-2.3,-1.9,-1.6
1972,3,1042,5,9,0,0.357,0,235,252,-17,2.8,-1.2,-5.1,-2.3,-1.1
1972,4,1003,4,9,1,0.321,0,257,377,-120,-5.6,-8.6,-1.6,-7.2,1.4
1972,6,1005,4,9,1,0.321,0,225,275,-50,1.5,-3.6,-2.8,-1.3,2.2
1972,7,1006,8,6,0,0.571,0,299,229,70,3,5,1.2,4.1,-0.9
1972,8,1007,10,4,0,0.714,0,268,249,19,1.9,1.4,-1.6,0.3,-1.1
1972,9,1008,10,4,0,0.714,0,319,240,79,2.7,5.6,3.4,6.1,0.5
1972,10,1009,5,9,0,0.357,0,325,350,-25,-4.7,-1.8,2.9,-1.9,-0.1
1972,11,1010,8,5,1,0.607,0,339,290,49,0,3.5,4.4,4.4,0.9
1972,12,1011,10,4,0,0.714,0,304,226,78,4.7,5.6,2.3,7,1.5
1972,13,1038,1,13,0,0.071,0,164,380,-216,-5.9,-15.4,-7.1,-13,2.4
1972,16,1015,8,6,0,0.571,0,287,254,33,2.2,2.4,0.4,2.6,0.2
1972,18,1018,6,7,1,0.464,0,291,286,5,-0.6,0.4,0.1,-0.5,-0.9
1972,19,1019,14,0,0,1,1,385,171,214,6.5,15.3,4.5,11,-4.3
1972,20,1020,7,7,0,0.5,0,301,252,49,3.4,3.5,2.6,6.1,2.6
1972,21,1021,3,11,0,0.214,0,192,446,-254,-11.1,-18.1,-6.3,-17.4,0.7
1972,22,1022,2,11,1,0.179,0,215,361,-146,-5,-10.4,-5.3,-10.2,0.2
1972,23,1023,8,6,0,0.571,0,331,247,84,2.4,6,3.5,5.9,-0.1
1972,23,1024,7,7,0,0.5,0,367,324,43,-4.2,3.1,4.7,0.5,-2.6
1972,31,1033,10,3,1,0.75,0,365,248,117,3,8.4,5,8,-0.3
1972,24,1025,2,11,1,0.179,0,145,352,-207,-5.3,-14.8,-9.2,-14.6,0.2
1972,25,1026,11,3,0,0.786,0,343,175,168,6.6,12,3.4,10,-2
1972,32,1035,4,9,1,0.321,0,264,344,-80,-2.6,-5.7,-0.2,-2.8,2.9
1972,26,1027,8,5,1,0.607,0,353,249,104,1.5,7.4,4.9,6.4,-1
1972,33,1041,4,9,1,0.321,0,193,303,-110,-1.2,-7.9,-4.5,-5.7,2.2
1972,30,1034,11,3,0,0.786,0,336,218,118,3.7,8.4,2.7,6.3,-2.1
1971,2,1001,7,6,1,0.538,0,274,277,-3,1,-0.2,0.3,1.3,1.5
1971,3,1042,10,4,0,0.714,0,313,140,173,8.5,12.4,2,10.4,-1.9
1971,4,1003,1,13,0,0.071,0,184,394,-210,-8.9,-15,-4.5,-13.4,1.6
1971,6,1005,6,8,0,0.429,0,185,276,-91,1.1,-6.5,-4.4,-3.4,3.1
1971,7,1006,4,10,0,0.286,0,284,265,19,-0.1,1.4,-0.4,-0.5,-1.9
1971,8,1007,9,5,0,0.643,0,285,273,12,-0.8,0.9,1.1,0.3,-0.6
1971,9,1008,11,3,0,0.786,1,406,222,184,1.6,13.1,8.3,9.9,-3.3
1971,10,1009,4,9,1,0.308,0,203,275,-72,1,-5.1,-5.5,-4.5,0.6
1971,11,1010,7,6,1,0.538,0,341,286,55,-2.4,3.9,6.5,4.1,0.2
1971,12,1011,4,8,2,0.333,0,274,298,-24,-2.3,-1.7,1.4,-1,0.7
1971,13,1038,4,9,1,0.308,0,251,330,-79,-3.8,-5.6,-3,-6.7,-1.1
1971,16,1015,10,3,1,0.769,0,302,208,94,4.5,6.7,0.6,5.1,-1.7
1971,18,1018,8,5,1,0.615,0,313,260,53,2.4,3.8,4.2,6.6,2.8
1971,19,1019,10,3,1,0.769,0,315,174,141,5.3,10.1,2.4,7.7,-2.4
1971,20,1020,11,3,0,0.786,0,245,139,106,9.9,7.6,-3.4,6.5,-1.1
1971,21,1021,6,8,0,0.429,0,238,325,-87,-3,-6.2,-2.1,-5.1,1.1
1971,22,1022,4,8,2,0.333,0,266,347,-81,-4.1,-5.8,1.4,-2.7,3
1971,23,1023,4,10,0,0.286,0,228,362,-134,-6.3,-9.6,-1.7,-8,1.6
1971,23,1024,6,8,0,0.429,0,212,299,-87,-1.6,-6.2,-3.7,-5.4,0.8
1971,31,1033,8,4,2,0.667,0,344,278,66,-1.1,4.7,4.8,3.7,-1
1971,24,1025,6,7,1,0.462,0,221,302,-81,-1.6,-5.8,-2.7,-4.3,1.5
1971,25,1026,6,8,0,0.429,0,246,292,-46,-1.8,-3.3,-1.8,-3.6,-0.3
1971,32,1035,6,8,0,0.429,0,311,341,-30,-6.6,-2.1,2.6,-4.1,-1.9
1971,26,1027,9,5,0,0.643,0,300,216,84,3.8,6,2.4,6.3,0.3
1971,33,1041,4,9,1,0.308,0,231,279,-48,-0.2,-3.4,-4,-4.2,-0.8
1971,30,1034,9,4,1,0.692,0,276,190,86,5.8,6.1,-0.6,5.1,-1
1970,2,1001,4,8,2,0.333,0,206,261,-55,1.2,-3.9,-3.5,-2.3,1.6
1970,3,1042,11,2,1,0.846,1,321,234,87,-0.5,6.2,0.9,0.4,-5.8
1970,34,1043,2,12,0,0.143,0,149,361,-212,-6.8,-15.1,-9.1,-15.9,-0.7
1970,4,1003,3,10,1,0.231,0,204,337,-133,-6.5,-9.5,-5.8,-12.3,-2.8
1970,6,1005,6,8,0,0.429,0,256,261,-5,1.8,-0.4,0.4,2.2,2.6
1970,7,1006,8,6,0,0.571,0,312,255,57,-0.6,4.1,1.2,0.5,-3.5
1970,8,1007,7,7,0,0.5,0,286,265,21,0.1,1.5,0.5,0.6,-0.9
1970,9,1008,10,4,0,0.714,0,299,221,78,4.5,5.6,2.5,7,1.4
1970,10,1009,5,8,1,0.385,0,253,264,-11,-0.1,-0.8,-2.5,-2.6,-1.8
1970,11,1010,10,4,0,0.714,0,347,202,145,6.6,10.4,7.4,14,3.7
1970,12,1011,6,8,0,0.429,0,196,293,-97,0.6,-6.9,-2.4,-1.8,5.1
1970,13,1038,3,10,1,0.231,0,217,352,-135,-5.8,-9.6,-3.5,-9.2,0.4
1970,16,1015,7,5,2,0.583,0,272,244,28,1.6,2,-0.1,1.5,-0.5
1970,18,1018,9,4,1,0.692,0,325,202,123,5.3,8.8,4.4,9.6,0.8
1970,19,1019,10,4,0,0.714,0,297,228,69,0,4.9,-1.3,-1.3,-6.3
1970,20,1020,12,2,0,0.857,0,335,143,192,9.2,13.7,5.9,15.1,1.4
1970,22,1022,2,11,1,0.154,0,172,347,-175,-3.3,-12.5,-4.6,-7.9,4.6
1970,23,1023,9,5,0,0.643,0,301,270,31,0.1,2.2,1.9,2,-0.2
1970,23,1024,4,10,0,0.286,0,255,286,-31,-2.7,-2.2,-2.2,-4.9,-2.7
1970,31,1033,8,4,2,0.667,0,300,293,7,-1.3,0.5,2.3,1,0.5
1970,24,1025,3,10,1,0.231,0,241,332,-91,-3.6,-6.5,-0.9,-4.5,2
1970,25,1026,5,9,0,0.357,0,210,272,-62,-1.5,-4.4,-5.9,-7.4,-3
1970,32,1035,5,6,3,0.455,0,282,278,4,-1.2,0.3,0.5,-0.7,-1
1970,26,1027,10,3,1,0.769,0,352,267,85,0.1,6.1,6.4,6.5,0.4
1970,33,1041,8,5,1,0.615,0,325,228,97,3.6,6.9,3.8,7.4,0.5
1970,30,1034,6,8,0,0.429,0,297,314,-17,-0.6,-1.2,3.6,3,4.2